구분,DIA,출근시간,1차 출발시각,1차 출발역,1차기운영,1차 도착시각,1차 도착역,2차 출발시각,2차 출발역,2차기운영,2차 도착시각,2차 도착역,3차 출발시간,3차 출발역,3차기운영,3차 도착시간,3차 도착역,4차 출발시간,4차 출발역,4차기운영,4차 도착시간,4차 도착역,5차 출발시간,5차 출발역,5차기운영,5차 도착시간,5차 도착역,퇴근시간,,계,운전시간,대기시간,편승시간,감시시간,준비시간,정리시간,심야시간,,
평일,1,,7:03,영구,5021,8:08,하풍,8:19,하풍,5058,10:24,영구,13:29,영구,5102,15:01,답십,,,,,,,,,,,16:12,,9:37,4:53,3:04,0:40,0:00,0:30,0:30,0:00,,
평일,2,,7:16,영구,5020,8:52,답십,13:32,영구,5103,14:36,하풍,15:02,하풍,5128,17:03,영구,,,,,,,,,,,17:33,,10:47,5:08,3:59,0:40,0:00,0:30,0:30,0:00,,
평일,3,,7:16,영구,5545,9:35,영구,12:59,영구,5586,15:00,하풍,15:15,하풍,5130,16:19,영구,,,,,,,,,,,16:49,,10:00,5:37,3:23,0:00,0:00,0:30,0:30,0:00,,
평일,4,,7:22,영구,5510,9:29,하풍,9:36,하풍,5074,10:40,영구,15:07,답십,5124,16:39,영구,,,,,,,,,,,17:09,,10:17,4:51,3:46,0:40,0:00,0:30,0:30,0:00,,
평일,5,,7:28,영구,5022,9:05,답십,9:21,답십,5573,10:57,영구,14:05,영구,5108,15:02,영구,,,,,,,,,,,15:33,,8:35,4:12,3:23,0:00,0:00,0:30,0:30,0:00,,
평일,6,,13:11,영구,5588,15:12,하풍,15:28,하풍,5132,16:32,영구,,,,,,,,,,,,,,,,17:02,,10:01,5:31,2:30,1:00,0:00,0:30,0:30,0:00,,
평일,7,,7:30,영구,5027,8:35,하풍,8:43,하풍,5064,10:48,영구,14:18,영구,5110,15:15,영구,,,,,,,,,,,15:45,,8:45,4:16,3:29,0:00,0:00,0:30,0:30,0:00,,
평일,8,,7:34,영구,5512,9:39,하풍,9:47,하풍,5076,10:51,영구,13:59,영구,5596,14:56,영구,,,,,,,,,,,16:51,,8:22,4:15,3:07,0:00,0:00,0:30,0:30,0:00,,
평일,9,,7:34,영구,5549,8:10,답십,8:27,답십,5050,9:35,방기,17:10,방기,1555,17:40,영구,,,,,,,,,,,18:10,,9:15,2:15,4:00,0:00,0:00,1:30,1:30,0:00,,
평일,10,,8:05,방기,1551,8:36,영구,12:53,영구,5096,16:00,영구,,,,,,,,,,,,,,,,16:30,,9:09,3:39,4:00,0:00,0:00,1:00,0:30,0:00,,
평일,11,,7:38,영구,5029,8:43,하풍,8:53,하풍,5066,10:29,방기,16:45,방기,1553,17:15,영구,,,,,,,,,,,18:21,,10:21,3:21,4:00,0:00,0:00,1:30,1:30,0:00,,
평일,12,,7:50,영구,5033,8:55,하풍,9:04,하풍,5068,11:06,영구,17:21,방기,1557,17:51,영구,,,,,,,,,,,18:42,,10:37,3:47,4:00,0:50,0:00,1:30,0:30,0:00,,
평일,13,,7:56,영구,5035,8:32,답십,8:52,답십,5548,10:00,방기,17:27,방기,1559,18:34,답십,,,,,,,,,,,19:45,,10:32,2:52,4:00,0:40,0:00,1:30,1:30,0:00,,
평일,14,,7:59,영구,5557,11:12,영구,17:34,방기,1561,18:04,영구,,,,,,,,,,,,,,,,18:52,,10:34,3:44,4:00,0:50,0:00,1:30,0:30,0:00,,
평일,15,,7:47,영구,5553,11:00,영구,17:41,방기,1563,18:11,영구,,,,,,,,,,,,,,,,18:35,,10:34,3:44,4:00,0:50,0:00,1:30,0:30,0:00,,
평일,16,,7:54,영구,5516,11:09,영구,17:45,방기,1565,18:15,영구,,,,,,,,,,,,,,,,18:45,,10:36,3:46,4:00,0:50,0:00,1:30,0:30,0:00,,
평일,17,,8:02,영구,5037,9:07,하풍,9:14,하풍,5070,11:18,영구,17:52,방기,1567,18:22,영구,,,,,,,,,,,18:59,,10:37,3:47,4:00,0:50,0:00,1:30,0:30,0:00,,
평일,18,,8:05,영구,5559,9:08,마천,9:42,상일,1017,9:47,고기,11:53,답십,5092,12:28,영구,16:00,영구,5616,16:57,영구,,,,,,17:27,,10:00,3:14,3:56,0:50,0:00,0:30,1:30,0:00,,
평일,19,,8:10,영구,5520,11:21,영구,17:59,방기,1569,18:29,영구,,,,,,,,,,,,,,,,19:06,,10:32,3:42,4:00,0:50,0:00,1:30,0:30,0:00,,
평일,20,,8:11,영구,5561,10:24,영구,14:30,영구,5112,17:39,영구,,,,,,,,,,,,,,,,18:09,,10:23,5:23,4:00,0:00,0:00,0:30,0:30,0:00,,
평일,21,,8:13,영구,5041,9:19,하풍,9:25,하풍,5072,11:30,영구,17:03,영구,5665,19:14,영구,,,,,,,,,,,19:44,,10:28,5:28,4:00,0:00,0:00,0:30,0:30,0:00,,
평일,22,,8:18,영구,5043,8:55,답십,9:25,답십,5053,9:54,하풍,9:59,하풍,5078,11:03,영구,14:42,영구,5114,17:51,영구,,,,,,18:21,,10:25,5:25,4:00,0:00,0:00,0:30,0:30,0:00,,
평일,23,,8:18,영구,5522,8:48,방기,14:50,영구,5637,18:01,영구,,,,,,,,,,,,,,,,18:31,,10:31,3:41,4:00,0:50,0:00,0:30,1:30,0:00,,
평일,24,,8:21,영구,5565,10:35,영구,14:20,영구,5111,15:24,하풍,15:41,하풍,5134,17:44,영구,,,,,,,,,,,18:14,,10:23,5:38,3:45,0:00,0:00,0:30,0:30,0:00,,
평일,25,,8:21,영구,5034,11:33,영구,16:51,영구,5663,19:07,영구,,,,,,,,,,,,,,,,19:37,,10:28,5:28,4:00,0:00,0:00,0:30,0:30,0:00,,
평일,26,,8:24,영구,5524,8:54,방기,14:54,영구,5116,18:02,영구,,,,,,,,,,,,,,,,18:32,,10:28,3:38,4:00,0:50,0:00,0:30,1:30,0:00,,
평일,27,,8:26,영구,5567,9:02,답십,11:34,영구,5572,14:41,영구,,,,,,,,,,,,,,,,15:12,,7:15,3:45,1:50,0:40,0:00,0:30,0:30,0:00,,
평일,28,,8:31,영구,5569,11:17,방기,18:16,방기,1573,18:46,영구,,,,,,,,,,,,,,,,19:16,,10:16,3:16,4:00,0:00,0:00,1:30,1:30,0:00,,
평일,29,,8:33,영구,5038,9:04,방기,15:15,영구,5641,18:25,영구,,,,,,,,,,,,,,,,18:56,,10:30,3:40,4:00,0:50,0:00,0:30,1:30,0:00,,
평일,30,,8:55,영구,5046,10:59,하풍,11:12,하풍,5090,12:16,영구,17:15,영,5669,17:51,답,18:11,답,5646,18:46,영,,,,,,19:16,,9:33,4:33,4:00,0:00,0:00,0:30,0:30,0:00,,
평일,31,,10:24,영구,5593,12:34,영구,15:03,영구,5639,17:46,방기,,,,,,,,,,,,,,,,19:27,,8:53,4:53,2:30,0:00,0:00,0:30,1:00,0:00,,
평일,32,,10:41,영구,5074,12:46,하풍,13:01,하풍,5108,14:05,영구,17:21,영구,5140,18:18,영구,19:14,영구,5654,20:13,영구,,,,,,20:43,,10:21,5:21,4:00,0:00,0:00,0:30,0:30,0:00,,
평일,33,,10:48,영구,5597,12:59,영구,16:19,영구,5130,17:57,답십,18:21,답십,5160,18:56,영구,,,,,,,,,,,18:46,,9:06,4:24,3:42,0:00,0:00,0:30,0:30,0:00,,
평일,34,,10:52,영구,5076,13:59,영구,17:31,영구,5143,18:36,하풍,18:48,하풍,5174,19:53,영구,,,,,,,,,,,20:23,,10:01,5:29,3:32,0:00,0:00,0:30,0:30,0:00,,
평일,35,,10:58,영구,5566,12:59,하풍,13:25,하풍,5112,14:29,영구,17:44,영구,5677,19:58,영구,,,,,,,,,,,20:28,,9:59,5:45,3:14,0:00,0:00,0:30,0:30,0:00,,
평일,36,,11:00,영구,5599,13:11,영구,16:21,영구,5131,17:25,하풍,17:31,하풍,5154,19:07,방기,,,,,,,,,,,20:07,,9:35,4:56,3:09,0:00,0:00,0:30,1:00,0:00,,
평일,37,,11:06,영구,5079,12:10,하풍,12:25,하풍,5102,13:29,영구,16:57,영구,5137,17:33,답십,18:07,답십,5156,19:14,방기,,,,,,20:14,,9:35,4:05,4:00,0:00,0:00,0:30,1:00,0:00,,
평일,38,,11:10,영구,5568,12:07,영구,12:47,영구,5584,13:44,영구,16:39,영구,5659,19:24,방기,,,,,,,,,,,20:24,,9:44,4:40,3:34,0:00,0:00,0:30,1:00,0:00,,
평일,39,,11:12,영구,5601,14:20,영구,17:51,영구,5679,18:27,답십,18:49,답십,5168,20:26,영구,,,,,,,,,,,20:57,,10:03,5:11,3:52,0:00,0:00,0:30,0:30,0:00,,계 덧셈 이상
평일,40,,11:18,영구,5081,12:22,하풍,12:37,하풍,5104,14:38,영구,17:57,영구,5146,18:54,영구,,,,,,,,,,,19:24,,8:35,4:17,3:18,0:00,0:00,0:30,0:30,0:00,,
평일,41,,11:22,영구,5570,13:23,하풍,13:49,하풍,5116,14:53,영구,18:05,방기,1571,18:35,영구,,,,,,,,,,,19:29,,8:14,4:02,1:22,0:50,0:00,1:30,0:30,0:00,,
평일,42,,11:30,영구,5083,12:34,하풍,12:49,하풍,5106,13:53,영구,17:40,영구,5145,18:45,하풍,18:59,하풍,5176,20:03,영구,,,,,,20:34,,9:33,4:46,3:47,0:00,0:00,0:30,0:30,0:00,,
평일,43,,12:07,영구,5086,14:17,영구,18:05,영구,5683,20:18,영구,,,,,,,,,,,,,,,,20:49,,9:12,4:24,3:48,0:00,0:00,0:30,0:30,0:00,,
평일,44,,12:17,영구,5090,15:24,영구,18:02,영구,5636,18:59,영구,19:53,영구,5174,20:52,영구,,,,,,,,,,,21:22,,9:33,5:03,3:30,0:00,0:00,0:30,0:30,0:00,,
평일,45,,12:35,영구,5582,13:32,영구,13:53,영구,5106,14:50,영구,18:29,영구,5159,19:35,하풍,19:46,하풍,5184,20:50,영구,,,,,,21:21,,9:15,4:16,3:59,0:00,0:00,0:30,0:30,0:00,,
평일,46,,12:29,영구,5092,14:01,답십,17:37,고기,1064,17:42,상일,17:58,강동,5667,19:21,영구,,,,,,,,,,,19:51,,7:51,3:17,1:44,0:50,0:00,1:30,0:30,0:00,,
평일,47,,9:18,영구,5544,9:48,방기,13:44,영구,5105,16:51,영구,,,,,,,,,,,,,,,,17:21,,7:59,3:37,1:32,0:50,0:00,0:30,1:30,0:00,,
평일,48,,9:36,영구,5550,10:06,방기,14:56,영구,5117,16:00,하풍,16:17,하풍,5140,17:21,영구,,,,,,,,,,,17:51,,7:01,2:54,1:17,0:50,0:00,0:30,1:30,0:00,,
평일,49,,9:33,영구,5060,11:35,하풍,11:48,하풍,5096,12:52,영구,15:24,영구,5610,16:20,영구,,,,,,,,,,,17:45,,7:59,4:16,1:53,0:50,0:00,0:30,0:30,0:00,,
평일,50,,9:39,영구,5062,12:46,영구,16:32,영구,5132,17:31,영구,,,,,,,,,,,,,,,,18:01,,7:59,4:06,2:53,0:00,0:00,0:30,0:30,0:00,,
휴일,1,,7:22,영구,5020,9:23,하풍,9:30,하풍,5052,10:34,영구,14:01,영구,5593,16:16,영구,,,,,,,,,,,16:46,,9:47,5:20,3:27,0:00,0:00,0:30,0:30,0:00,,
휴일,2,,7:28,영구,5510,10:40,영구,13:55,영구,5093,14:59,하풍,15:06,하풍,5108,16:10,영구,,,,,,,,,,,16:40,,9:35,5:20,3:15,0:00,0:00,0:30,0:30,0:00,,계 덧셈 이상
휴일,3,,7:37,영구,5529,9:52,영구,13:04,영구,5566,14:01,영구,14:16,영구,5578,15:13,영구,,,,,,,,,,,15:44,,8:21,3:55,3:26,0:00,0:00,0:30,0:30,0:00,,계 덧셈 이상
휴일,4,,7:43,영구,5029,8:47,하풍,8:54,하풍,5046,9:58,영구,13:10,영구,5078,14:07,영구,14:34,영구,5092,15:31,영구,,,,,,16:02,,8:33,3:55,3:38,0:00,0:00,0:30,0:30,0:00,,계 덧셈 이상
휴일,5,,7:46,영구,5024,9:47,하풍,9:54,하풍,5056,10:58,영구,14:43,영구,5101,15:47,하풍,15:54,하풍,5116,16:58,영구,,,,,,17:28,,10:05,5:19,3:46,0:00,0:00,0:30,0:30,0:00,,계 덧셈 이상
휴일,6,,7:52,영구,5514,11:04,영구,14:49,영구,5601,17:04,영구,,,,,,,,,,,,,,,,7:34,,10:05,5:19,3:46,0:00,0:00,0:30,0:30,0:00,,계 덧셈 이상
휴일,7,,7:58,영구,5026,9:59,하풍,10:06,하풍,5058,11:10,영구,14:55,영구,5103,15:59,하풍,16:06,하풍,5118,17:10,영구,,,,,,17:40,,10:05,5:20,3:45,0:00,0:00,0:30,0:30,0:00,,계 덧셈 이상
휴일,8,,8:01,영구,5533,10:16,영구,13:46,영구,5084,14:43,영구,15:04,영구,5586,16:01,영구,,,,,,,,,,,16:31,,8:46,3:56,3:50,0:00,0:00,0:30,0:30,0:00,,계 덧셈 이상
휴일,9,,8:07,영구,5035,9:11,하풍,9:18,하풍,5050,11:19,영구,15:10,영구,5098,16:07,영구,,,,,,,,,,,16:37,,8:52,4:02,3:50,0:00,0:00,0:30,0:30,0:00,,계 덧셈 이상
휴일,10,,8:13,영구,5535,8:48,답십,10:47,답십,5060,12:19,영구,15:46,영구,5104,16:43,영구,16:58,영구,5516,17:55,영구,,,,,,18:25,,8:49,3:49,4:00,0:00,0:00,0:30,0:30,0:00,,계 덧셈 이상
휴일,11,,8:31,영구,5039,9:35,하풍,9:42,하풍,5054,10:46,영구,13:28,영구,5570,16:40,영구,,,,,,,,,,,17:10,,9:03,5:21,2:42,0:00,0:00,0:30,0:30,0:00,,계 덧셈 이상
휴일,12,,8:37,영구,5539,10:52,영구,14:07,영구,5095,15:11,하풍,15:18,하풍,5110,15:46,답십,17:05,답십,5612,17:40,영구,,,,,,18:10,,9:29,4:29,4:00,0:00,0:00,0:30,0:30,0:00,,
휴일,13,,9:16,영구,5528,12:28,영구,16:07,영구,5115,17:11,하풍,17:18,하풍,5130,18:22,영구,,,,,,,,,,,18:52,,9:58,5:19,3:39,0:00,0:00,0:30,0:30,0:00,,계 덧셈 이상
휴일,14,,9:22,영구,5040,11:23,하풍,11:30,하풍,5072,12:34,영구,16:01,영구,5613,18:16,영구,,,,,,,,,,,18:46,,9:46,5:19,3:27,0:00,0:00,0:30,0:30,0:00,,계 덧셈 이상
휴일,15,,9:34,영구,5042,11:35,하풍,11:42,하풍,5074,12:46,영구,15:49,영구,5611,18:04,영구,,,,,,,,,,,18:34,,9:21,5:19,3:02,0:00,0:00,0:30,0:30,0:00,,계 덧셈 이상
휴일,16,,9:37,영구,5549,12:49,영구,15:58,영구,5106,16:55,영구,17:10,영구,5118,18:07,영구,,,,,,,,,,,18:38,,9:14,4:52,3:22,0:00,0:00,0:30,0:30,0:00,,계 덧셈 이상
휴일,17,,9:52,영구,5534,13:04,영구,17:31,방기,1529,18:01,영구,,,,,,,,,,,,,,,,18:32,,9:02,3:35,2:37,0:50,0:00,1:30,0:30,0:00,,계 덧셈 이상
휴일,18,,9:58,영구,5046,11:59,하풍,12:06,하풍,5078,13:10,영구,17:49,방기,1531,18:19,영구,,,,,,,,,,,18:50,,9:14,3:35,2:49,0:50,0:00,1:30,0:30,0:00,,계 덧셈 이상
휴일,19,,16:16,영구,5538,11:13,영구,13:52,영구,5574,14:49,영구,15:07,영구,5105,16:11,하풍,16:18,하풍,5120,17:22,영구,,,,,,17:52,,7:51,3:55,2:56,0:00,0:00,0:30,0:30,0:00,,계 덧셈 이상
휴일,20,,10:34,영구,5052,12:35,하풍,12:42,하풍,5084,13:46,영구,16:10,영구,5108,17:07,영구,,,,,,,,,,,17:38,,7:20,3:56,2:24,0:00,0:00,0:30,0:30,0:00,,계 덧셈 이상
휴일,21,,10:40,영구,5542,13:52,영구,16:16,영구,5598,17:13,영구,17:40,영구,5612,18:37,영구,,,,,,,,,,,19:08,,8:36,4:46,2:50,0:00,0:00,0:30,0:30,0:00,,계 덧셈 이상
휴일,22,,10:43,영구,5061,11:47,하풍,11:54,하풍,5076,13:55,영구,16:40,영구,5602,17:37,영구,,,,,,,,,,,18:08,,7:46,4:02,2:44,0:00,0:00,0:30,0:30,0:00,,계 덧셈 이상
휴일,23,,10:46,영구,5054,11:43,영구,12:28,영구,5560,13:25,영구,15:31,영구,5109,16:35,하풍,16:42,하풍,5124,17:46,영구,,,,,,18:16,,7:45,3:55,2:50,0:00,0:00,0:30,0:30,0:00,,계 덧셈 이상
휴일,24,,10:52,영구,5544,11:49,영구,12:34,영구,5072,13:31,영구,15:13,영구,5605,17:28,영구,,,,,,,,,,,17:58,,7:22,3:55,2:27,0:00,0:00,0:30,0:30,0:00,,계 덧셈 이상
휴일,25,,10:58,영구,5056,12:59,하풍,13:06,하풍,5088,14:10,영구,16:43,영구,5123,17:47,하풍,17:54,하풍,5136,18:58,영구,,,,,,19:28,,8:53,5:20,2:33,0:00,0:00,0:30,0:30,0:00,,계 덧셈 이상
휴일,26,,11:04,영구,5546,14:16,영구,16:55,영구,5125,17:59,하풍,18:06,하풍,5138,19:10,영구,,,,,,,,,,,19:40,,8:59,5:20,2:39,0:00,0:00,0:30,0:30,0:00,,계 덧셈 이상
휴일,27,,11:10,영구,5058,12:07,영구,15:43,영구,5111,16:47,하풍,16:54,하풍,5126,17:58,영구,,,,,,,,,,,18:28,,7:41,3:05,3:36,0:00,0:00,0:30,0:30,0:00,,계 덧셈 이상
휴일,28,,11:13,영구,5565,13:28,영구,17:07,영구,5127,18:11,하풍,18:18,하풍,5140,19:22,영구,,,,,,,,,,,19:52,,9:08,4:29,3:39,0:00,0:00,0:30,0:30,0:00,,
휴일,29,,11:43,영구,5071,12:47,하풍,12:54,하풍,5086,14:55,영구,17:04,영구,2606,17:35,방기,,,,,,,,,,,18:35,,7:19,3:41,2:08,0:00,0:00,0:30,1:00,0:00,,계 덧셈 이상
휴일,30,,11:46,영구,5064,13:47,하풍,14:06,하풍,5098,15:10,영구,17:46,영구,5124,18:43,영구,,,,,,,,,,,19:13,,7:44,4:08,2:36,0:00,0:00,0:30,0:30,0:00,,계 덧셈 이상
휴일,31,,11:49,영구,5571,15:01,영구,17:22,영구,5120,17:53,방기,,,,,,,,,,,,,,,,18:53,,7:31,3:41,2:20,0:00,0:00,0:30,1:00,0:00,,계 덧셈 이상
휴일,32,,12:19,영구,5077,13:23,하풍,13:42,하풍,5094,15:43,영구,18:40,답십,5622,18:05,영구,,,,,,,,,,,19:10,,7:21,3:59,1:42,0:40,0:00,0:30,0:30,0:00,,
휴일,33,,12:37,영구,5579,15:49,영구,18:19,영구,5143,19:23,하풍,19:30,하풍,5152,20:34,영구,,,,,,,,,,,21:04,,8:56,5:26,2:30,0:00,0:00,0:30,0:30,0:00,,
휴일,34,,12:46,영구,5074,13:43,영구,14:10,영구,5088,15:07,영구,17:37,영구,5631,19:52,영구,,,,,,,,,,,20:22,,7:52,3:56,2:56,0:00,0:00,0:30,0:30,0:00,,계 덧셈 이상
휴일,35,,12:49,영구,5581,15:04,영구,18:01,영구,5635,20:16,영구,,,,,,,,,,,,,,,,20:46,,8:26,4:29,2:57,0:00,0:00,0:30,0:30,0:00,,
휴일,36,,13:31,영구,5089,14:35,하풍,14:54,하풍,5106,15:58,영구,18:37,영구,5641,20:52,영구,,,,,,,,,,,21:22,,8:20,4:41,2:39,0:00,0:00,0:30,0:30,0:00,,
휴일,37,,13:43,영구,5091,15:46,영구,18:43,영구,5147,19:47,하풍,19:54,하풍,5156,20:58,영구,,,,,,,,,,,21:28,,8:14,4:17,2:57,0:00,0:00,0:30,0:30,0:00,,
평평,61,,17:39,영구,5632,19:42,마천,20:11,상일,1055,20:16,고기,5:45,고기,1010,5:50,상일,6:06,강동,5507,7:33,영구,,,,,,8:04,,11:25,4:25,4:00,0:00,0:00,1:30,1:30,4:31,,
평평,62,,17:51,영구,5634,19:54,고기,5:27,고기,1006,5:32,상일,5:48,강동,5503,8:10,영구,,,,,,,,,,,8:41,,11:47,4:47,4:00,0:00,0:00,1:30,1:30,4:28,,
평평,63,,18:01,영구,5151,18:37,답십,19:55,답십,5171,20:24,하풍,20:38,하풍,5192,21:42,영구,7:27,방기,1535,7:58,영구,8:42,영구,5530,9:13,방기,10:13,,10:46,3:26,4:00,0:50,0:00,1:30,1:00,4:33,,
평평,64,,18:12,영구,5685,19:15,마천,19:45,상일,1049,19:50,고기,5:25,고기,1004,7:29,영구,,,,,,,,,,,8:00,,10:43,3:43,4:00,0:00,0:00,1:30,1:30,4:26,,
평평,65,,18:17,영구,5150,20:16,마천,20:45,상일,1057,20:50,고기,5:49,고기,1012,7:49,영구,,,,,,,,,,,8:20,,11:33,4:33,4:00,0:00,0:00,1:30,1:30,5:01,,
평평,66,,18:19,영구,5687,21:32,영구,7:06,방기,1529,7:37,영구,7:50,영구,5026,8:47,영구,,,,,,,,,,,9:18,,11:33,4:43,4:00,0:50,0:00,1:30,0:30,4:22,,
평평,67,,18:22,영구,5157,19:28,하풍,19:40,상일,1047,19:48,고기,5:19,고기,1002,5:24,상일,5:32,강동,5010,7:17,영구,,,,,,7:48,,10:24,3:24,4:00,0:00,0:00,1:30,1:30,4:29,,
평평,68,,18:26,영구,5689,19:29,마천,19:59,상일,1053,20:04,고기,5:32,고기,1008,5:37,상일,5:58,강동,5505,7:21,영구,,,,,,7:52,,10:28,3:28,4:00,0:00,0:00,1:30,1:30,5:24,,
평평,69,,18:47,영구,5646,20:47,하풍,21:05,하풍,5196,22:09,영구,7:46,방기,1543,8:17,영구,8:57,영구,5536,9:28,방기,,,,,,10:28,,11:44,4:24,4:00,0:50,0:00,1:30,1:00,4:59,,
평평,70,,18:46,영구,5695,20:57,영구,16:43,방기,1523,8:18,하풍,8:26,하풍,5060,9:32,영구,,,,,,,,,,,10:02,,11:50,5:00,4:00,0:50,0:00,1:30,0:30,3:14,,
평평,71,,18:54,영구,5697,22:08,영구,7:30,방기,1537,8:01,영구,8:47,영구,5532,9:18,방기,,,,,,,,,,,10:18,,11:35,4:15,4:00,0:50,0:00,1:30,1:00,4:59,,
평평,72,,18:57,영구,5160,20:59,하풍,21:13,상일,1059,21:20,고기,6:03,고기,1016,6:08,상일,6:26,강동,5511,7:53,영구,,,,,,8:23,,11:14,4:14,4:00,0:00,0:00,1:30,1:30,5:17,,
평평,73,,18:59,영구,5167,20:04,하풍,20:12,하풍,5188,21:16,영구,16:51,방기,1525,8:27,하풍,8:33,하풍,5062,9:39,영구,,,,,,10:09,,11:55,5:05,4:00,0:50,0:00,1:30,0:30,4:15,,
평평,74,,19:07,영구,5652,20:07,영구,20:57,영구,5674,22:58,하풍,23:11,상일,1061,23:19,고기,6:13,고기,1018,7:15,영구,,,,,,7:45,,11:23,4:23,4:00,0:00,0:00,1:30,1:30,7:07,,
평평,75,,19:21,영구,5656,21:24,하풍,21:33,하풍,5200,22:37,영구,7:41,방기,1547,8:12,영구,8:52,영구,5534,9:23,방기,,,,,,10:23,,11:37,4:17,4:00,0:50,0:00,1:30,1:00,5:27,,
평평,76,,20:13,영구,5711,23:01,방기,7:49,방기,1545,8:20,영구,9:00,영구,5048,9:30,방기,,,,,,,,,,,10:30,,11:19,3:49,4:00,0:00,0:00,1:30,2:00,5:01,,
평평,77,,19:58,영구,5664,22:03,하풍,22:19,하풍,5206,23:23,영구,7:54,방기,1547,8:25,영구,9:07,영구,5540,9:38,방기,,,,,,10:38,,11:46,4:26,4:00,0:50,0:00,1:30,1:00,6:13,,
평평,78,,20:04,영구,5176,22:07,마천,5:31,마천,5502,7:33,영구,,,,,,,,,,,,,,,,8:04,,11:06,4:06,4:00,0:00,0:00,1:30,1:30,6:36,,
평평,79,,20:07,영구,5179,21:11,하풍,21:19,하풍,5198,22:49,방화,23:03,방화,5737,23:28,영구,7:59,방기,1549,8:30,영구,9:12,영구,5542,9:43,방기,10:43,,11:34,4:14,4:00,0:50,0:00,1:30,1:00,6:19,,
평평,80,,20:19,영구,5668,21:18,영구,23:23,영구,5206,23:49,방화,23:55,방화,5213,24:59:00,군자,5:37,군자,5001,6:03,하풍,6:23,하풍,5022,7:27,영구,7:57,,11:25,4:25,4:00,0:00,0:00,1:30,1:30,8:00,,
평평,81,,20:26,영구,5713,22:44,영구,23:28,영구,5737,24:30:00,마천,24:58:00,상일,1071,25:03:00,고기,7:16,고기,1034,8:20,영구,,,,,,8:50,,11:56,4:56,4:00,0:00,0:00,1:30,1:30,8:00,,
평평,82,,20:51,영구,5184,22:49,마천,23:18,상일,1063,23:23,고기,6:22,고기,1020,6:27,상일,6:45,강동,5515,8:09,영구,,,,,,8:40,,11:20,4:20,4:00,0:00,0:00,1:30,1:30,7:02,,
평평,83,,20:52,영구,5717,23:40,방화,6:55,방기,1527,8:02,답십,8:14,답십,5534,8:52,영구,,,,,,,,,,,9:22,,11:38,4:38,4:00,0:00,0:00,1:30,1:30,6:50,,
평평,84,,21:17,영구,5188,24:08:00,왕십,5:30,왕십,5006,7:03,영구,,,,,,,,,,,,,,,,7:33,,10:46,4:25,3:21,0:00,0:00,1:30,1:30,8:00,,
평평,85,,21:18,영구,5721,23:57,방화,7:12,방기,1531,8:20,답십,8:34,답십,5542,9:12,영구,,,,,,,,,,,9:42,,11:30,4:30,4:00,0:00,0:00,1:30,1:30,7:02,,
평평,86,,21:32,영구,5723,24:18:00,방화,7:21,방기,1533,8:29,답십,8:40,답십,5544,9:17,영구,,,,,,,,,,,9:48,,11:37,4:37,4:00,0:00,0:00,1:30,1:30,7:23,,
평평,87,,21:43,영구,5192,23:44,하풍,23:53,하풍,5214,24:09:00,강동,5:30,강동,5501,7:55,영구,,,,,,,,,,,8:26,,11:12,4:52,3:20,0:00,0:00,1:30,1:30,8:00,,
평평,88,,22:10,영구,5196,22:35,방화,22:43,방화,5735,24:10:00,마천,24:29:00,마천,5706,24:59:00,왕십,5:44,왕십,5003,6:16,하풍,6:45,하풍,5026,7:49,영구,8:20,,10:39,4:55,2:44,0:00,0:00,1:30,1:30,8:00,,
평평,89,,22:08,영구,5197,23:12,하풍,23:29,하풍,5212,24:59:00,방화,7:36,방기,1539,8:44,답십,9:07,답십,552,9:43,영구,,,,,,10:13,,11:41,4:41,4:00,0:00,0:00,1:30,1:30,8:00,,
평평,90,,22:38,영구,5220,23:03,방화,23:13,방화,5207,24:42:00,하풍,5:59,하풍,5018,8:04,영구,,,,,,,,,,,8:35,,10:26,4:10,3:16,0:00,0:00,1:30,1:30,7:51,,
평평,91,,22:45,영구,5690,23:10,방화,23:20,방화,5739,24:47:00,마천,5:44,마천,5504,7:46,영구,,,,,,,,,,,8:17,,10:02,4:05,2:57,0:00,0:00,1:30,1:30,7:44,,
평휴,61,,17:39,영구,5632,19:42,마천,20:11,상일,1055,20:16,고기,5:26,고기,1006,5:31,상일,5:47,강동,5503,7:16,영구,,,,,,7:46,,11:26,4:26,4:00,0:00,0:00,1:30,1:30,4:50,,
평휴,62,,17:51,영구,5634,19:54,고기,5:18,고기,1002,5:23,상일,5:32,강동,5010,7:19,영구,,,,,,,,,,,7:49,,11:03,4:03,4:00,0:00,0:00,1:30,1:30,4:36,,
평휴,63,,18:01,영구,5151,18:37,답십,19:55,답십,5171,20:24,하풍,20:38,하풍,5192,21:42,영구,7:07,영구,5021,8:11,하풍,8:18,하풍,5040,9:22,영구,9:52,,9:37,4:37,4:00,0:00,0:00,0:30,0:30,3:42,,
평휴,64,,18:12,영구,5685,19:15,마천,19:45,상일,1049,19:50,고기,6:07,답십,5014,7:43,영구,,,,,,,,,,,8:13,,9:54,3:04,4:00,0:50,0:00,0:30,1:30,3:40,,
평휴,65,,18:17,영구,5150,20:16,마천,20:45,상일,1057,20:50,고기,5:41,고기,1008,5:46,상일,6:02,강동,5505,7:28,영구,,,,,,7:58,,11:19,4:19,4:00,0:00,0:00,1:30,1:30,5:09,,
평휴,66,,18:19,영구,5687,21:32,영구,7:19,영구,5023,8:23,하풍,8:30,하풍,5042,9:34,영구,,,,,,,,,,,10:04,,10:27,5:27,4:00,0:00,0:00,0:30,0:30,3:32,,
평휴,67,,18:22,영구,5157,19:28,하풍,19:40,상일,1047,19:48,고기,7:05,답십,5512,8:11,방기,,,,,,,,,,,9:11,,9:51,2:31,4:00,0:50,0:00,0:30,2:00,3:38,,
평휴,68,,18:29,영구,5689,19:29,마천,19:59,상일,1053,20:04,고기,5:24,고기,1004,7:31,영구,,,,,,,,,,,8:01,,10:45,3:45,4:00,0:00,0:00,1:30,1:30,4:40,,
평휴,69,,18:47,영구,5646,20:47,하풍,21:05,하풍,5196,22:09,영구,7:16,영구,5508,8:13,영구,,,,,,,,,,,8:44,,9:19,4:19,4:00,0:00,0:00,0:30,0:30,4:09,,
평휴,70,,18:46,영구,5695,20:57,영구,6:25,영구,5517,8:40,영구,,,,,,,,,,,,,,,,9:10,,9:24,4:24,4:00,0:00,0:00,0:30,0:30,2:56,,
평휴,71,,18:54,영구,5697,22:08,영구,6:49,영구,5504,7:20,방기,,,,,,,,,,,,,,,,8:20,,9:13,3:43,4:00,0:00,0:00,0:30,1:00,4:09,,
평휴,72,,18:57,영구,5160,20:59,하풍,21:13,상일,1059,21:20,고기,6:16,고기,1010,6:31,상일,6:54,강동,5005,7:58,영구,,,,,,8:28,,11:26,4:26,4:00,0:00,0:00,1:30,1:30,5:25,,
평휴,73,,18:59,영구,5167,20:04,하풍,20:12,하풍,5188,21:16,영구,7:01,영구,5523,9:16,영구,,,,,,,,,,,9:46,,9:31,4:31,4:00,0:00,0:00,0:30,0:30,3:44,,
평휴,74,,19:07,영구,5652,20:07,영구,20:57,영구,5674,22:58,하풍,23:11,상일,1061,23:19,고기,6:07,고기,1014,7:10,영구,,,,,,7:40,,11:23,4:23,4:00,0:00,0:00,1:30,1:30,6:12,,
평휴,75,,19:21,영구,5656,21:24,하풍,21:33,하풍,5200,22:37,영구,7:10,영구,5018,8:07,영구,,,,,,,,,,,8:38,,9:12,4:12,4:00,0:00,0:00,0:30,0:30,4:37,,
평휴,76,,20:13,영구,5711,23:01,방기,7:34,영구,5022,8:31,영구,,,,,,,,,,,,,,,,9:02,,10:34,3:44,4:00,0:50,0:00,0:30,1:30,5:52,,
평휴,77,,19:58,영구,5664,22:03,하풍,22:19,하풍,5206,23:23,영구,7:31,영구,5027,8:06,답십,,,,,,,,,,,8:08,,8:39,3:59,4:00,0:40,0:00,0:00,0:00,5:23,,
평휴,78,,20:04,영구,5176,22:07,마천,5:33,마천,5502,7:37,영구,,,,,,,,,,,,,,,,8:08,,11:07,4:07,4:00,0:00,0:00,1:30,1:30,6:36,,
평휴,79,,20:07,영구,5179,21:11,하풍,21:19,하풍,5198,22:49,방화,23:03,방화,5737,23:28,영구,7:55,답십,5033,8:30,영구,,,,,,8:32,,9:35,3:55,4:00,0:40,0:00,0:30,0:30,5:29,,
평휴,80,,20:19,영구,5668,21:18,영구,23:23,영구,5206,23:49,방화,23:55,방화,5213,24:59:00,군자,5:37,군자,5001,6:03,하풍,6:18,하풍,5020,7:22,영구,7:52,,11:19,4:19,4:00,0:00,0:00,1:30,1:30,7:04,,
평휴,81,,20:26,영구,5713,22:44,영구,23:28,영구,5737,24:30:00,마천,24:58:00,상일,1071,25:03:00,고기,6:31,고기,1016,7:34,영구,,,,,,8:04,,11:04,4:54,3:10,0:00,0:00,1:30,1:30,8:00,,
평휴,82,,20:51,영구,5184,22:49,마천,23:18,상일,1063,23:23,고기,6:02,고기,1012,6:07,상일,6:28,강동,5509,7:52,영구,,,,,,8:22,,11:21,4:21,4:00,0:00,0:00,1:30,1:30,7:20,,
평휴,83,,20:52,영구,5717,23:40,방화,7:03,영구,5506,8:01,영구,,,,,,,,,,,,,,,,8:31,,10:40,3:50,4:00,0:50,0:00,0:30,1:30,7:35,,
평휴,84,,21:17,영구,5188,24:08:00,왕십,5:30,왕십,5006,7:01,영구,,,,,,,,,,,,,,,,7:31,,10:43,4:22,3:21,0:00,0:00,1:30,1:30,8:00,,
평휴,85,,21:18,영구,5721,23:57,방화,5:55,방기,1513,6:25,영구,,,,,,,,,,,,,,,,6:55,,10:07,3:14,3:53,0:00,0:00,1:30,1:30,8:00,,
평휴,86,,21:32,영구,5723,24:18:00,방화,6:37,방기,1521,7:07,영구,,,,,,,,,,,,,,,,7:37,,10:21,3:21,4:00,0:00,0:00,1:30,1:30,7:47,,
평휴,87,,21:43,영구,5192,23:44,하풍,23:53,하풍,5214,24:09:00,강동,5:30,강동,5501,7:03,영구,,,,,,,,,,,7:33,,10:20,3:59,3:21,0:00,0:00,1:30,1:30,8:00,,
평휴,88,,22:10,영구,5196,22:35,방화,22:43,방화,5735,24:10:00,마천,24:29:00,마천,5706,24:59:00,왕십,5:44,왕십,5003,6:16,하풍,6:42,하풍,5024,7:46,영구,8:16,,10:35,4:51,2:44,0:00,0:00,1:30,1:30,8:00,,
평휴,89,,22:08,영구,5197,23:12,하풍,23:29,하풍,5212,24:59:00,방화,8:07,방기,1527,8:37,영구,,,,,,,,,,,9:07,,10:25,3:25,4:00,0:00,0:00,1:30,1:30,8:00,,
평휴,90,,22:38,영구,5200,23:03,방화,23:13,방화,5207,24:42:00,하풍,5:52,하풍,5016,7:55,영구,,,,,,,,,,,8:25,,10:17,4:08,3:09,0:00,0:00,1:30,1:30,7:51,,
평휴,91,,22:45,영구,5690,23:10,방화,23:20,방화,5739,24:47:00,마천,5:47,마천,5504,6:49,영구,,,,,,,,,,,7:19,,9:03,3:03,3:00,0:00,0:00,1:30,1:30,7:45,,
휴평,61,,17:13,영구,6627,18:15,마천,18:55,상일,1011,19:00,고기,5:19,고기,1002,5:24,상일,5:32,강동,5010,7:17,영구,,,,,,7:48,,10:45,3:45,4:00,0:00,0:00,1:30,1:30,3:41,,
휴평,62,,17:55,영구,5139,8:59,하풍,19:14,상일,1013,19:21,고기,5:27,고기,1006,5:32,상일,5:48,강동,5503,8:10,영구,,,,,,8:41,,11:09,4:09,4:00,0:00,0:00,1:30,1:30,3:55,,
휴평,63,,17:58,영구,5126,19:59,하풍,20:06,하풍,5158,21:10,영구,7:06,방기,1529,7:37,영구,7:50,영구,5026,8:47,영구,,,,,,9:18,,11:29,4:39,4:00,0:50,0:00,1:30,0:30,4:00,,
휴평,64,,19:01,영구,5645,21:16,영구,6:55,방기,1527,8:02,답십,8:14,답십,5534,8:52,영구,,,,,,,,,,,9:22,,10:49,3:59,4:00,0:50,0:00,1:30,0:30,4:11,,
휴평,65,,18:07,영구,5141,19:11,하풍,19:18,하풍,5150,20:22,영구,6:51,방기,1525,8:27,하풍,8:33,하풍,5062,9:39,영구,,,,,,10:09,,11:52,5:02,4:00,0:50,0:00,1:30,0:30,3:21,,
휴평,66,,18:16,영구,5618,0:00,영구,7:30,방기,1537,8:01,영구,8:47,영구,5532,9:18,방기,,,,,,,,,,,10:18,,11:33,4:13,4:00,0:50,0:00,1:30,1:00,4:18,,
휴평,67,,18:22,영구,5130,20:23,하풍,20:30,하풍,5162,21:34,영구,7:41,방기,1541,8:12,영구,8:52,영구,5534,9:23,방기,,,,,,10:23,,11:33,4:13,4:00,0:50,0:00,1:30,1:00,4:24,,
휴평,68,,18:34,영구,5132,20:35,하풍,20:42,하풍,5164,21:46,영구,7:46,방기,1543,8:17,영구,8:57,영구,5536,9:28,방기,,,,,,10:28,,11:33,4:13,4:00,0:50,0:00,1:30,1:00,4:36,,
휴평,69,,18:40,영구,5622,21:52,영구,17:49,방기,1545,8:20,영구,9:00,영구,5048,9:30,방기,,,,,,,,,,,10:30,,11:33,4:13,4:00,0:50,0:00,1:30,1:00,4:42,,
휴평,70,,18:49,영구,5134,20:47,하풍,20:54,하풍,5166,21:58,영구,7:54,방기,1547,8:25,영구,9:07,영구,5540,19:38,방기,,,,,,10:38,,11:33,4:13,4:00,0:50,0:00,1:30,1:00,4:48,,
휴평,71,,18:58,영구,5136,19:55,영구,20:16,영구,5638,21:48,답십,5:45,고기,1010,5:50,상일,6:06,강동,5507,7:33,영구,,,,,,8:04,,11:07,4:17,4:00,0:50,0:00,1:30,0:30,5:53,,
휴평,72,,20:07,영구,5161,21:11,하풍,21:17,하풍,5170,22:21,영구,7:12,방기,1531,8:20,답십,8:34,답십,5542,9:12,영구,,,,,,9:42,,10:49,3:59,4:00,0:50,0:00,1:30,0:30,5:11,,
휴평,73,,20:19,영구,5163,21:23,하풍,21:32,하풍,5172,22:36,영구,7:21,방기,1533,8:29,답십,8:40,답십,5544,9:17,영구,,,,,,9:48,,10:43,3:53,4:00,0:50,0:00,1:30,0:30,5:26,,
휴평,74,,19:52,영구,5634,21:51,마천,22:19,상일,1015,22:24,고기,5:32,고기,1008,5:37,상일,5:58,강동,5505,7:21,영구,,,,,,7:52,,11:21,4:21,4:00,0:00,0:00,1:30,1:30,6:52,,
휴평,75,,19:55,영구,5159,20:59,하풍,21:06,하풍,5168,23:08,영구,7:36,방기,1539,8:44,답십,9:07,답십,5552,9:43,영구,,,,,,10:13,,12:47,4:57,4:00,0:50,0:00,1:30,1:30,5:58,,
휴평,76,,20:52,영구,5644,22:51,마천,23:19,상일,1021,23:24,고기,5:49,고기,1012,7:49,영구,,,,,,,,,,,8:20,,11:32,4:32,4:00,0:00,0:00,1:30,1:30,7:35,,
휴평,77,,20:58,영구,5156,22:59,하풍,23:12,상일,1019,23:19,고기,6:03,고기,1016,6:08,상일,6:26,강동,5511,7:53,영구,,,,,,8:24,,11:11,4:11,4:00,0:00,0:00,1:30,1:30,7:17,,
휴평,78,,21:46,영구,5164,23:07,마천,5:31,마천,5502,7:33,영구,,,,,,,,,,,,,,,,8:03,,10:46,4:03,3:43,0:00,0:00,1:30,1:30,8:00,,
휴평,79,,21:16,영구,5648,23:18,마천,23:46,상일,1023,23:51,고기,6:13,고기,1018,7:15,영구,,,,,,,,,,,7:46,,10:37,3:37,4:00,0:00,0:00,1:30,1:30,7:38,,
휴평,80,,21:34,영구,5162,24:02:00,군자,5:37,군자,5001,6:03,하풍,6:23,하풍,5022,7:27,영구,,,,,,,,,,,7:57,,10:46,4:12,3:34,0:00,0:00,1:30,1:30,8:00,,계 덧셈 이상
휴평,81,,21:19,영구,5173,22:23,하풍,22:40,하풍,5182,24:15:00,방기,7:59,방기,1549,8:30,영구,9:12,영구,5542,9:43,방기,,,,,,10:38,,11:27,3:57,4:00,0:00,0:00,1:30,2:00,7:15,,
휴평,82,,18:04,영구,5616,19:01,영구,19:22,영구,5140,20:19,영구,6:43,방기,1523,8:18,하풍,8:26,하풍,5060,9:32,영구,,,,,,10:03,,11:33,4:43,4:00,0:50,0:00,1:30,0:30,3:15,,
휴평,83,,19:10,영구,5138,20:07,영구,20:22,영구,5150,21:19,영구,7:27,방기,1535,7:58,영구,8:42,영구,5530,9:13,방기,,,,,,10:13,,10:15,2:55,4:00,0:50,0:00,1:30,1:00,3:54,,
휴평,84,,21:10,영구,5158,23:13,하풍,23:24,하풍,51186,23:57,왕십,5:30,왕십,5006,7:03,영구,,,,,,,,,,,7:33,,10:52,4:20,3:32,0:00,0:00,1:30,1:30,8:00,,
휴평,85,,21:31,영구,5175,22:35,하풍,22:48,상일,1017,22:55,고기,5:25,고기,1004,7:29,영구,,,,,,,,,,,8:00,,10:28,3:28,4:00,0:00,0:00,1:30,1:30,7:30,,
휴평,86,,21:52,영구,5654,23:56,고기,6:22,고기,1020,6:27,상일,6:45,강동,5515,8:09,영구,,,,,,,,,,,8:40,,10:51,3:51,4:00,0:00,0:00,1:30,1:30,7:35,,
휴평,87,,22:22,영구,5170,24:05:00,강동,5:30,강동,5501,7:55,영구,,,,,,,,,,,,,,,,8:26,,10:32,4:08,3:24,0:00,0:00,1:30,1:30,8:00,,
휴평,88,,22:36,영구,5172,24:04:00,왕십,5:44,왕십,5003,6:16,하풍,6:45,하풍,5026,7:49,영구,,,,,,,,,,,8:20,,10:13,3:33,3:40,0:00,0:00,1:30,1:30,7:54,,
휴평,89,,21:28,영구,5650,23:28,하풍,23:33,하풍,5188,23:49,강동,24:06:00,상일,1027,24:11:00,고기,7:16,고기,1034,8:20,영구,,,,,,8:51,,10:47,3:47,4:00,0:00,0:00,1:30,1:30,7:11,,
휴평,90,,20:34,영구,5152,21:31,영구,23:08,영구,5189,24:16:00,하풍,5:59,하풍,5018,8:04,영구,,,,,,,,,,,8:35,,11:06,4:06,4:00,0:00,0:00,1:30,1:30,7:45,,
휴평,91,,21:58,영구,5166,24:03:00,마천,5:44,마천,5504,7:46,영구,,,,,,,,,,,,,,,,8:17,,10:47,4:06,3:41,0:00,0:00,1:30,1:30,8:00,,
휴휴,61,,17:13,영구,5627,18:15,마천,18:49,상일,1011,18:54,고기,5:18,고기,1002,5:23,상일,5:32,강동,5010,7:19,영구,,,,,,.,,.,3:41,.,.,.,.,.,.,,
휴휴,62,,17:55,영구,5139,18:59,하풍,19:14,상일,1013,19:21,고기,5:24,고기,1004,7:31,영구,,,,,,,,,,,8:01,,10:32,3:32,4:00,0:00,0:00,1:30,1:30,3:57,,
휴휴,63,,17:58,영구,5126,9:59,하풍,20:06,하풍,5158,21:10,영구,5:55,방기,1513,6:25,영구,,,,,,,,,,,6:55,,10:25,3:35,4:00,0:50,0:00,1:30,0:30,5:05,,계 덧셈 이상
휴휴,64,,18:04,영구,5616,21:16,영구,16:37,방기,1521,7:07,영구,,,,,,,,,,,,,,,,7:37,,10:25,3:35,4:00,0:50,0:00,1:30,0:30,4:29,,계 덧셈 이상
휴휴,65,,18:07,영구,5141,19:11,하풍,19:18,하풍,5150,21:19,영구,6:25,영구,5517,8:40,영구,,,,,,,,,,,9:10,,10:25,5:25,4:00,0:00,0:00,0:30,0:30,3:19,,
휴휴,66,,18:16,영구,5618,21:28,영구,6:49,영구,5504,7:20,방기,,,,,,,,,,,,,,,,8:20,,9:05,3:35,4:00,0:00,0:00,0:30,1:00,3:28,,계 덧셈 이상
휴휴,67,,18:22,영구,5130,20:23,하풍,20:30,하풍,5162,21:34,영구,7:01,영구,5523,9:16,영구,,,,,,,,,,,9:46,,10:19,5:19,4:00,0:00,0:00,0:30,0:30,3:34,,계 덧셈 이상
휴휴,68,,18:34,영구,5132,20:35,하풍,20:42,하풍,5164,21:49,영구,7:07,영구,5021,8:11,하풍,8:18,하풍,5040,9:22,영구,,,,,,9:52,,10:19,5:19,4:00,0:00,0:00,0:30,0:30,3:46,,계 덧셈 이상
휴휴,69,,18:40,영구,5622,21:52,영구,7:03,영구,5506,8:01,영구,8:40,영구,5522,9:37,영구,,,,,,,,,,,8:31,,9:53,4:53,4:00,0:00,0:00,0:30,0:30,3:52,,계 덧셈 이상
휴휴,70,,18:46,영구,5134,20:47,하풍,20:54,하풍,5166,21:58,영구,7:19,영구,5023,8:23,하풍,8:30,하풍,5042,9:34,영구,,,,,,10:04,,10:19,5:19,4:00,0:00,0:00,0:30,0:30,3:58,,계 덧셈 이상
휴휴,71,,18:58,영구,5136,19:55,영구,20:16,영구,5638,21:48,답십,6:07,답십,5014,7:43,영구,,,,,,,,,,,8:13,,8:53,3:53,4:00,0:00,0:00,0:30,0:30,3:27,,계 덧셈 이상
휴휴,72,,19:10,영구,5138,21:11,하풍,21:17,하풍,5170,22:21,영구,7:31,영구,5027,8:06,답십,,,,,,,,,,,10:22,,9:20,3:40,4:00,0:40,0:00,0:30,0:30,4:21,,계 덧셈 이상
휴휴,73,,19:22,영구,5140,21:23,하풍,21:32,하풍,5172,22:36,영구,7:55,영구,5033,8:30,답십,,,,,,,,,,,8:32,,9:22,3:42,4:00,0:40,0:00,0:30,0:30,4:36,,
휴휴,74,,19:52,영구,5634,21:51,마천,22:19,상일,1015,22:24,고기,5:26,고기,1006,5:31,상일,5:47,강동,5503,7:16,영구,,,,,,7:46,,11:15,4:15,4:00,0:00,0:00,1:30,1:30,6:58,,계 덧셈 이상
휴휴,75,,19:55,영구,5159,20:59,하풍,21:06,하풍,5167,23:08,영구,7:16,영구,5508,8:13,영구,,,,,,,,,,,8:43,,9:03,4:03,4:00,0:00,0:00,0:30,0:30,5:08,,계 덧셈 이상
휴휴,76,,21:46,영구,5164,23:47,마천,5:33,마천,5502,7:37,영구,,,,,,,,,,,,,,,,8:07,,10:42,3:56,3:46,0:00,0:00,1:30,1:30,8:00,,
휴휴,77,,20:52,영구,5644,22:51,마천,23:19,상일,1021,23:24,고기,5:41,고기,1008,5:46,상일,6:02,강동,5505,7:28,영구,,,,,,7:58,,11:13,4:13,4:00,0:00,0:00,1:30,1:30,7:43,,
휴휴,78,,21:10,영구,5158,23:13,하풍,23:24,하풍,5186,23:57,왕십,5:30,왕십,5006,7:01,영구,,,,,,,,,,,7:31,,10:43,4:10,3:33,0:00,0:00,1:30,1:30,8:00,,
휴휴,79,,20:58,영구,5156,22:59,하풍,23:12,상일,1019,23:19,고기,5:55,고기,1010,6:00,상일,6:16,강동,5005,6:31,하풍,6:54,하풍,5026,7:58,영구,8:28,,11:18,4:18,4:00,0:00,0:00,1:30,1:30,7:24,,
휴휴,80,,21:16,영구,5648,23:18,마천,23:46,상일,1023,23:51,고기,6:07,고기,1014,8:07,영구,,,,,,,,,,,8:37,,11:25,4:25,4:00,0:00,0:00,1:30,1:30,7:44,,
휴휴,81,,21:19,영구,5173,22:23,하풍,22:40,하풍,5182,24:05:00,방기,8:07,방기,1527,8:37,영구,,,,,,,,,,,9:07,,10:25,3:25,4:00,0:00,0:00,1:30,1:30,7:15,,
휴휴,82,,22:36,영구,5172,24:04:00,왕십,5:44,왕십,5003,6:16,하풍,6:42,하풍,5024,7:46,영구,,,,,,,,,,,8:16,,10:03,3:23,3:40,0:00,0:00,1:30,1:30,7:54,,
휴휴,83,,22:22,영구,5170,24:05:00,강동,5:30,강동,5501,7:03,영구,,,,,,,,,,,,,,,,7:33,,9:36,3:11,3:25,0:00,0:00,1:30,1:30,8:00,,
휴휴,84,,21:31,영구,5175,22:35,하풍,22:48,상일,1017,22:55,고기,7:05,답십,5512,8:11,방기,,,,,,,,,,,9:11,,9:49,2:29,4:00,0:50,0:00,0:30,2:00,6:45,,
휴휴,85,,21:52,영구,5654,23:56,고기,6:31,고기,1016,8:31,영구,,,,,,,,,,,,,,,,9:01,,10:53,3:53,4:00,0:00,0:00,1:30,1:30,7:25,,
휴휴,86,,21:28,영구,5650,23:28,하풍,23:33,하풍,5188,23:49,강동,24:06:00,상일,1027,24:11:00,고기,6:02,고기,1012,6:07,상일,6:28,강동,5509,7:52,영구,8:22,,11:27,4:27,4:00,0:00,0:00,1:30,1:30,8:00,,
휴휴,87,,20:34,영구,5152,21:31,영구,23:08,영구,5189,24:13:00,하풍,5:52,하풍,5016,7:55,영구,,,,,,,,,,,8:25,,10:58,3:58,4:00,0:00,0:00,1:30,1:30,8:00,,
휴휴,89,,21:34,영구,5162,24:02:00,군자,5:37,군자,5001,6:03,하풍,6:18,하풍,5020,7:22,영구,,,,,,,,,,,7:52,,10:36,4:06,3:30,0:00,0:00,1:30,1:30,8:00,,
휴휴,90,,21:58,영구,5166,24:30:00,마천,5:47,마천,5504,6:49,영구,,,,,,,,,,,,,,,,7:19,,9:38,2:54,3:44,0:00,0:00,1:30,1:30,8:00,,
