구분,DIA,출근시간,1차 출발시각,1차 출발역,1차기운영,1차 도착시각,1차 도착역,2차 출발시각,2차 출발역,2차기운영,2차 도착시각,2차 도착역,3차 출발시간,3차 출발역,3차기운영,3차 도착시간,3차 도착역,4차 출발시간,4차 출발역,4차기운영,4차 도착시간,4차 도착역,5차 출발시간,5차 출발역,5차기운영,5차 도착시간,5차 도착역,6차 출발시간,6차 출발역,6차기운영,6차 도착시간,6차 도착역,퇴근시간,,계,운전시간,대기시간,편승시간,감시시간,준비시간,정리시간,심야시간
평일,1,6:27,7:00,왕십,5903,7:25,군자,10:19,군자,5919,10:42,고기,16:42,고기,1056,16:47,상일,16:56,강동,5653,17:51,답십,,,,,,,,,,,18:21,,11:53,2:00,3:59,0:00,2:54,1:30,1:30,0:00
평일,2,6:30,7:00,답십,5024,9:45,마천,9:55,둔촌,5915,10:12,고기,17:11,고기,1060,17:38,답십,,,,,,,,,,,,,,,,18:08,,10:39,3:39,4:00,0:00,0:00,1:30,1:30,0:00
평일,3,6:35,7:05,답십,5514,10:21,답십,13:01,답십,5093,13:51,답십,14:13,답십,5105,15:03,답십,,,,,,,,,,,,,,,,15:33,,8:57,4:56,3:01,0:00,0:00,0:30,0:30,0:00
평일,4,6:37,7:07,답십,5015,8:02,답십,8:54,답십,5043,9:21,고기,13:13,답십,5095,16:12,답십,,,,,,,,,,,,,,,,16:43,,10:05,4:23,2:52,0:50,0:00,0:30,1:30,0:00
평일,5,6:39,7:09,답십,5026,10:15,답십,13:15,답십,5106,16:15,답십,,,,,,,,,,,,,,,,,,,,,16:45,,10:05,6:05,3:00,0:00,0:00,0:30,0:30,0:00
평일,6,6:40,7:40,고기,1048,8:07,답십,8:35,답십,5557,9:09,마천,9:19,둔촌,5907,9:38,고기,13:27,답십,5108,15:36,답십,,,,,,,,,,,16:07,,9:26,3:40,2:26,0:50,0:00,1:00,1:30,0:00
평일,7,6:43,7:13,답십,5531,8:15,답십,9:04,답십,5047,9:31,고기,13:31,답십,5619,16:42,답십,,,,,,,,,,,,,,,,17:13,,10:29,4:41,2:58,0:50,0:00,0:30,1:30,0:00
평일,8,6:43,7:13,답십,5516,9:54,고기,17:30,고기,1064,17:35,상일,17:44,강동,5667,18:40,답십,,,,,,,,,,,,,,,,19:11,,10:51,3:51,4:00,0:00,0:00,1:30,1:30,0:00
평일,9,6:45,7:45,고기,1050,8:12,답십,8:51,답십,5563,9:24,마천,9:34,둔촌,5911,9:50,고기,13:33,답십,5598,15:42,답십,,,,,,,,,,,16:13,,9:28,3:36,2:32,0:50,0:00,1:00,1:30,0:00
평일,10,6:51,7:21,답십,5518,9:33,답십,12:01,답십,5083,15:00,답십,,,,,,,,,,,,,,,,,,,,,15:31,,8:39,5:12,2:27,0:00,0:00,0:30,0:30,0:00
평일,11,6:54,7:24,답십,5535,10:36,답십,13:09,답십,5594,15:18,답십,,,,,,,,,,,,,,,,,,,,,15:49,,8:54,5:22,2:32,0:00,0:00,0:30,0:30,0:00
평일,12,6:55,7:25,답십,5030,9:37,답십,12:09,답십,5584,15:21,답십,,,,,,,,,,,,,,,,,,,,,15:51,,8:55,5:24,2:31,0:00,0:00,0:30,0:30,0:00
평일,13,7:00,8:00,고기,1052,8:27,답십,9:01,답십,5567,9:34,마천,9:44,둔촌,5913,10:03,고기,13:51,답십,5112,16:51,답십,,,,,,,,,,,17:21,,10:21,4:29,2:32,0:50,0:00,1:00,1:30,0:00
평일,14,7:03,7:33,답십,5032,9:42,답십,11:27,답십,5088,13:36,답십,18:10,고기,1074,18:37,답십,,,,,,,,,,,,,,,,19:07,,11:36,4:46,4:00,0:50,0:00,1:30,0:30,0:00
평일,15,7:04,7:34,답십,5539,8:35,답십,10:25,답십,5067,13:24,답십,15:01,답십,5113,15:51,답십,,,,,,,,,,,,,,,,16:21,,9:17,4:52,3:25,0:00,0:00,0:30,0:30,0:00
평일,16,7:07,7:37,답십,5522,9:47,답십,12:49,답십,5091,15:48,답십,,,,,,,,,,,,,,,,,,,,,16:19,,9:12,5:11,3:01,0:00,0:00,0:30,0:30,0:00
평일,17,7:11,8:11,고기,1054,8:38,답십,9:15,답십,5051,9:42,고기,13:37,갑십,5099,16:36,답십,,,,,,,,,,,,,,,,17:07,,9:55,3:55,2:40,0:50,0:00,1:00,1:30,0:00
평일,18,7:14,7:44,답십,5543,9:25,영구,10:27,영구,5072,12:00,답십,14:39,답십,5120,16:48,답십,,,,,,,,,,,,,,,,17:19,,10:04,5:25,3:39,0:00,0:00,0:30,0:30,0:00
평일,19,7:16,7:46,답십,5036,10:57,답십,14:15,답십,5116,16:24,답십,,,,,,,,,,,,,,,,,,,,,16:55,,9:39,5:21,3:18,0:00,0:00,0:30,0:30,0:00
평일,20,7:24,7:52,답십,5545,11:06,답십,13:25,답십,5097,14:15,답십,18:24,고기,1076,18:51,답십,,,,,,,,,,,,,,,,19:21,,11:21,4:31,4:00,0:50,0:00,1:30,0:30,0:00
평일,21,7:22,7:52,답십,5038,0:00,고기,17:53,고기,1072,17:58,상일,18:07,강동,5673,19:02,답십,,,,,,,,,,,,,,,,19:32,,10:48,3:48,4:00,0:00,0:00,1:30,1:30,0:00
평일,22,7:25,7:55,답십,5528,9:02,방기,11:31,영구,5605,13:09,답십,15:51,답십,5132,18:00,답십,,,,,,,,,,,,,,,,18:31,,11:05,4:54,3:21,0:50,0:00,0:30,1:30,0:00
평일,23,7:28,7:58,답십,5040,10:07,답십,15:37,답십,5119,18:37,답십,,,,,,,,,,,,,,,,,,,,,19:07,,10:10,5:10,4:00,0:00,0:00,0:30,0:30,0:00
평일,24,7:33,8:03,답십,5042,10:12,답십,15:43,답십,5641,18:58,답십,,,,,,,,,,,,,,,,,,,,,19:28,,10:25,5:25,4:00,0:00,0:00,0:30,0:30,0:00
평일,25,7:36,8:06,답십,5027,11:12,답십,13:49,답십,5101,14:39,답십,16:49,답십,5131,17:47,답십,,,,,,,,,,,,,,,,18:17,,9:55,4:55,4:00,0:00,0:00,0:30,0:30,0:00
평일,26,7:38,8:08,답십,5044,11:21,답십,15:19,답십,5637,16:21,답십,17:13,답십,5135,17:40,고기,,,,,,,,,,,,,,,,18:40,,10:12,4:42,4:00,0:00,0:00,0:30,1:00,0:00
평일,27,7:43,8:13,답십,5046,10:24,답십,10:37,답십,5069,11:27,답십,16:21,답십,5626,18:30,답십,,,,,,,,,,,,,,,,19:00,,10:11,5:11,4:00,0:00,0:00,0:30,0:30,0:00
평일,28,7:47,8:17,답십,5551,8:50,마천,9:00,둔촌,5905,9:18,고기,17:06,고기,1058,17:11,상일,17:20,강동,5659,18:12,답십,18:37,답십,5683,19:10,마천,19:20,둔촌,5925,19:38,고기,20:38,,10:38,3:08,4:00,0:00,0:00,1:30,2:00,0:00
평일,29,7:48,8:18,답십,5048,11:33,답십,17:42,고기,1068,18:45,영구,,,,,,,,,,,,,,,,,,,,,19:55,,11:49,4:19,4:00,1:30,0:00,1:30,0:30,0:00
평일,30,7:56,8:26,답십,5033,9:18,답십,11:33,답십,5578,13:07,영구,17:15,답십,5146,19:29,답십,,,,,,,,,,,,,,,,20:00,,10:21,4:41,4:00,0:40,0:00,0:30,0:30,0:00
평일,31,7:58,8:28,답십,5052,9:05,영구,9:17,영구,5061,10:51,답십,15:49,답십,5121,18:51,답십,,,,,,,,,,,,,,,,19:21,,10:14,5:14,4:00,0:00,0:00,0:30,0:30,0:00
평일,32,8:09,8:39,답십,5056,11:39,답십,17:38,답십,5150,19:46,답십,,,,,,,,,,,,,,,,,,,,,20:17,,10:09,5:09,4:00,0:00,0:00,0:30,0:30,0:00
평일,33,8:12,8:42,답십,5546,10:54,답십,16:09,답십,5624,18:19,답십,18:41,답십,5153,19:08,답십,,,,,,,,,,,,,,,,20:08,,10:20,4:50,4:00,0:00,0:00,0:30,1:00,0:00
평일,34,8:16,8:46,답십,5561,9:20,마천,9:30,둔촌,5909,9:46,고기,17:17,고기,1062,17:22,상일,17:31,강동,5663,18:26,답십,18:58,답십,5689,19:32,마천,19:42,둔촌,5927,19:59,고기,20:59,,10:40,3:10,4:00,0:00,0:00,1:30,2:00,0:00
평일,35,9:43,10:13,답십,5065,13:12,답십,17:35,고기,1066,18:38,영구,18:50,영구,5697,19:26,답십,,,,,,,,,,,,,,,,19:56,,10:12,4:39,2:43,0:50,0:00,1:30,0:30,0:00
평일,36,9:45,10:15,답십,5076,13:15,답십,16:37,답십,5129,19:37,답십,,,,,,,,,,,,,,,,,,,,,20:08,,10:21,6:00,3:21,0:00,0:00,0:30,0:30,0:00
평일,37,9:51,10:21,답십,5566,13:33,답십,17:49,고기,1070,18:52,영구,19:31,영구,5175,20:06,답십,,,,,,,,,,,,,,,,20:37,,10:45,4:51,3:04,0:50,0:00,1:30,0:30,0:00
평일,38,10:21,10:51,답십,5082,13:00,답십,16:15,답십,5136,18:54,고기,,,,,,,,,,,,,,,,,,,,,19:54,,9:32,4:48,3:14,0:00,0:00,0:30,1:00,0:00
평일,39,10:27,10:57,답십,5572,11:32,영구,13:33,영구,5592,16:09,답십,18:23,답십,5679,18:57,마천,19:07,둔촌,5923,19:24,고기,,,,,,,,,,,20:24,,9:42,4:12,4:00,0:00,0:00,0:30,1:00,0:00
평일,40,10:37,11:07,답십,5595,12:09,답십,12:37,답십,5089,13:27,답십,16:51,답십,5142,19:29,고기,,,,,,,,,,,,,,,,20:29,,9:51,4:30,3:51,0:00,0:00,0:30,1:00,0:00
평일,41,10:43,11:13,답십,5075,14:12,답십,17:47,답십,5152,19:56,답십,,,,,,,,,,,,,,,,,,,,,20:27,,9:43,5:09,3:34,0:00,0:00,0:30,0:30,0:00
평일,42,10:51,11:21,답십,5576,13:30,답십,17:03,답십,5144,19:43,고기,,,,,,,,,,,,,,,,,,,,,20:43,,9:51,4:49,3:32,0:00,0:00,0:30,1:00,0:00
평일,43,11:09,11:39,답십,5090,13:48,답십,16:43,답십,5651,19:51,답십,,,,,,,,,,,,,,,,,,,,,20:22,,9:12,5:18,2:54,0:00,0:00,0:30,0:30,0:00
평일,51,9:00,9:24,답십,5575,9:57,마천,10:07,둔촌,5917,10:23,고기,15:03,답십,51224,17:12,답십,,,,,,,,,,,,,,,,18:00,,8:00,3:08,3:52,0:00,0:00,0:30,0:30,0:00
평일,52,9:00,9:34,답십,5057,12:36,답십,16:13,답십,5125,17:03,답십,,,,,,,,,,,,,,,,,,,,,18:00,,7:59,3:53,3:06,0:00,0:00,0:30,0:30,0:00
평일,53,9:00,9:43,답십,5059,12:48,답십,16:25,답십,5127,17:15,답십,,,,,,,,,,,,,,,,,,,,,18:00,,7:59,3:56,3:03,0:00,0:00,0:30,0:30,0:00
평일,54,9:00,9:48,답십,5581,10:21,마천,10:31,둔촌,5921,10:47,고기,15:21,답십,5616,17:30,답십,,,,,,,,,,,,,,,,18:00,,7:59,3:08,2:01,0:50,0:00,0:30,1:30,0:00
휴일,1,6:57,7:27,답십,5516,8:02,영구,8:31,영구,5035,10:09,답십,12:27,답십,5566,15:39,답십,,,,,,,,,,,,,,,,16:09,,9:11,5:25,2:46,0:00,0:00,0:30,0:30,0:00
휴일,2,7:03,7:33,답십,5028,9:42,답십,12:31,답십,5069,15:30,답십,,,,,,,,,,,,,,,,,,,,,16:01,,8:57,5:09,2:48,0:00,0:00,0:30,0:30,0:00
휴일,3,7:09,7:39,답십,5518,10:51,답십,14:07,답십,5085,14:57,답십,,,,,,,,,,,,,,,,,,,,,15:27,,8:17,4:02,3:15,0:00,0:00,0:30,0:30,0:00
휴일,4,7:21,7:51,답십,5520,10:00,답십,12:33,답십,5078,1533,답십,,,,,,,,,,,,,,,,,,,,,16:03,,8:41,5:09,2:32,0:00,0:00,0:30,0:30,0:00
휴일,5,7:27,7:57,답십,5032,10:06,답십,13:13,답십,5579,16:24,답십,,,,,,,,,,,,,,,,,,,,,16:55,,9:27,5:21,3:06,0:00,0:00,0:30,0:30,0:00
휴일,6,7:33,8:03,답십,5522,11:15,답십,13:09,답십,5084,15:18,답십,,,,,,,,,,,,,,,,,,,,,15:49,,8:15,5:21,1:54,0:00,0:00,0:30,0:30,0:00
휴일,7,7:39,8:09,답십,5034,11:09,답십,13:37,답십,5583,14:39,답십,14:55,답십,5093,15:45,답십,,,,,,,,,,,,,,,,16:15,,8:35,4:52,2:43,0:00,0:00,0:30,0:30,0:00
휴일,8,7:45,8:15,답십,5524,11:27,답십,13:39,답십,5578,15:48,답십,,,,,,,,,,,,,,,,,,,,,16:19,,8:33,5:21,2:12,0:00,0:00,0:30,0:30,0:00
휴일,9,7:51,8:21,답십,5036,10:30,답십,13:25,답십,5581,16:36,답십,,,,,,,,,,,,,,,,,,,,,17:07,,9:15,5:21,2:54,0:00,0:00,0:30,0:30,0:00
휴일,10,8:13,8:43,답십,5031,9:45,답십,10:01,답십,5547,11:03,답십,13:31,답십,5079,16:30,답십,,,,,,,,,,,,,,,,17:01,,8:47,5:04,2:43,0:00,0:00,0:30,0:30,0:00
휴일,11,8:21,8:51,답십,5530,9:57,방기,12:01,영구,5573,13:39,답십,15:43,답십,5101,16:33,답십,,,,,,,,,,,,,,,,17:03,,8:42,3:34,2:18,0:50,0:00,0:30,1:30,0:00
휴일,12,8:25,8:55,답십,5033,12:06,답십,16:42,고기,1022,17:09,답십,,,,,,,,,,,,,,,,,,,,,17:39,,9:13,3:39,2:44,0:50,0:00,1:30,0:30,0:00
휴일,13,8:27,8:57,답십,5042,11:06,답십,14:09,답십,5094,16:46,고기,,,,,,,,,,,,,,,,,,,,,17:46,,9:18,4:46,3:02,0:00,0:00,0:30,1:00,0:00
휴일,14,8:33,9:03,답십,5532,12:15,답십,16:54,고기,1024,17:21,답십,,,,,,,,,,,,,,,,,,,,,17:51,,9:17,3:39,2:48,0:50,0:00,1:30,0:30,0:00
휴일,15,8:43,9:13,답십,5539,12:24,답십,14:39,답십,5588,16:13,영구,,,,,,,,,,,,,,,,,,,,,17:23,,8:40,4:46,2:14,0:40,0:00,0:30,0:30,0:00
휴일,16,8:45,9:15,답십,5534,12:27,답십,15:33,답십,5108,17:42,답십,,,,,,,,,,,,,,,,,,,,,18:13,,9:27,5:21,3:06,0:00,0:00,0:30,0:30,0:00
휴일,17,8:49,9:19,답십,5037,9:46,고기,12:43,답십,5071,15:42,답십,,,,,,,,,,,,,,,,,,,,,16:13,,7:23,3:27,1:06,0:50,0:00,0:30,1:30,0:00
휴일,18,9:01,9:31,답십,5039,12:30,답십,15:39,답십,5598,17:48,답십,,,,,,,,,,,,,,,,,,,,,18:19,,9:17,5:09,3:08,0:00,0:00,0:30,0:30,0:00
휴일,19,9:03,9:33,답십,5046,11:42,답십,14:57,답십,5102,17:34,고기,,,,,,,,,,,,,,,,,,,,,18:34,,9:30,4:46,3:14,0:00,0:00,0:30,1:00,0:00
휴일,20,9:13,9:43,답십,5041,12:42,답십,15:45,답십,5110,17:54,답십,,,,,,,,,,,,,,,,,,,,,18:25,,9:11,5:09,3:02,0:00,0:00,0:30,0:30,0:00
휴일,21,9:15,9:45,답십,5050,11:54,답십,14:03,답십,5582,15:37,영구,16:27,영구,5600,18:00,답십,,,,,,,,,,,,,,,,18:31,,9:15,5:18,2:57,0:00,0:00,0:30,0:30,0:00
휴일,22,9:39,10:09,답십,5054,13:09,답십,16:31,답십,5109,16:58,고기,,,,,,,,,,,,,,,,,,,,,17:58,,8:19,3:27,3:22,0:00,0:00,0:30,1:00,0:00
휴일,23,10:01,10:31,답십,5049,11:21,답십,11:43,답십,5061,12:33,답십,15:07,답십,5095,18:06,답십,,,,,,,,,,,,,,,,18:37,,8:35,4:40,2:55,0:00,0:00,0:30,0:30,0:00
휴일,24,10:21,10:51,답십,5550,14:03,답십,16:25,답십,5611,17:27,답십,17:43,답십,5121,18:33,답십,,,,,,,,,,,,,,,,19:03,,8:41,5:04,2:37,0:00,0:00,0:30,0:30,0:00
휴일,25,10:33,11:03,답십,5552,13:12,답십,15:19,답십,5097,18:18,답십,,,,,,,,,,,,,,,,,,,,,18:49,,8:15,5:09,2:06,0:00,0:00,0:30,0:30,0:00
휴일,26,10:37,11:07,답십,5055,11:57,답십,15:27,답십,5596,18:39,답십,,,,,,,,,,,,,,,,,,,,,19:09,,8:32,4:02,3:30,0:00,0:00,0:30,0:30,0:00
휴일,27,10:39,11:09,답십,5064,14:09,답십,17:30,고기,1026,18:32,영구,,,,,,,,,,,,,,,,,,,,,19:43,,9:03,4:03,1:30,1:30,0:00,1:30,0:30,0:00
휴일,28,10:45,11:15,답십,5554,13:24,답십,15:31,답십,5099,18:30,답십,,,,,,,,,,,,,,,,,,,,,19:01,,8:15,5:09,2:06,0:00,0:00,0:30,0:30,0:00
휴일,29,10:51,11:21,답십,5066,13:30,답십,15:37,답십,5603,18:13,답십,,,,,,,,,,,,,,,,,,,,,19:23,,8:32,4:46,2:06,0:40,0:00,0:30,0:30,0:00
휴일,30,10:57,11:27,답십,5556,13:36,답십,15:49,답십,5605,19:00,답십,,,,,,,,,,,,,,,,,,,,,19:31,,8:33,5:21,2:12,0:00,0:00,0:30,0:30,0:00
휴일,31,11:25,11:55,답십,5063,14:54,답십,17:55,답십,5123,18:45,답십,,,,,,,,,,,,,,,,,,,,,19:15,,7:50,3:50,3:00,0:00,0:00,0:30,0:30,0:00
휴일,32,11:27,11:57,답십,5072,14:06,답십,16:37,답십,5613,17:39,답십,18:07,답십,5125,18:34,고기,,,,,,,,,,,,,,,,19:34,,8:06,3:39,2:57,0:00,0:00,0:30,1:00,0:00
휴일,33,11:37,12:07,답십,5065,15:06,답십,16:33,답십,5118,18:42,답십,,,,,,,,,,,,,,,,,,,,,19:13,,7:35,5:09,1:26,0:00,0:00,0:30,0:30,0:00
휴일,34,11:45,12:15,답십,5564,15:27,답십,18:30,고기,1028,18:57,답십,,,,,,,,,,,,,,,,,,,,,19:27,,7:41,3:39,1:12,0:50,0:00,1:30,0:30,0:00
휴일,35,11:55,12:25,답십,5571,15:36,답십,17:49,답십,5625,18:51,답십,,,,,,,,,,,,,,,,,,,,,19:21,,7:26,4:14,2:12,0:00,0:00,0:30,0:30,0:00
평평,61,17:01,17:31,답십,5665,20:42,답십,5:55,고기,1016,6:00,상일,6:09,강동,5005,7:00,답십,,,,,,,,,,,,,,,,7:30,,11:07,4:17,4:00,0:50,0:00,1:30,0:30,4:37
평평,62,17:21,17:51,답십,5642,20:21,답십,5:19,고기,1002,5:24,상일,5:31,강동,5010,7:53,답십,,,,,,,,,,,,,,,,8:24,,11:36,4:46,4:00,0:50,0:00,1:30,0:30,4:32
평평,63,17:36,18:06,답십,5675,19:11,답십,19:38,답십,5169,20:05,고기,5:25,고기,5012,8:05,답십,,,,,,,,,,,,,,,,8:36,,11:14,4:14,4:00,0:00,0:00,1:30,1:30,4:40
평평,64,17:31,18:01,답십,5143,18:58,답십,19:02,답십,5662,20:09,방기,5:25,방기,5009,7:25,답십,,,,,,,,,,,,,,,,7:55,,11:05,4:05,4:00,0:00,0:00,1:30,1:30,4:44
평평,65,17:50,18:20,답십,5147,20:22,방기,5:43,방기,5523,7:54,답십,,,,,,,,,,,,,,,,,,,,,8:25,,11:14,4:14,4:00,0:00,0:00,1:30,1:30,4:39
평평,66,18:00,18:30,답십,5681,21:42,답십,6:03,고기,1018,6:08,상일,6:17,강동,5511,7:13,답십,,,,,,,,,,,,,,,,7:43,,11:13,4:23,4:00,0:50,0:00,1:30,0:30,5:29
평평,67,18:21,18:51,답십,5170,22:02,답십,6:10,고기,1020,6:15,상일,6:24,강동,5513,7:21,답십,,,,,,,,,,,,,,,,7:51,,11:12,4:22,4:00,0:50,0:00,1:30,0:30,5:42
평평,68,17:43,18:13,답십,5648,20:24,답십,5:37,고기,1010,8:16,답십,,,,,,,,,,,,,,,,,,,,,8:47,,11:42,4:52,4:00,0:50,0:00,1:30,0:30,4:37
평평,69,18:21,18:51,답십,5687,19:56,답십,21:08,답십,5684,23:44,고기,6:30,고기,1026,6:35,상일,,,,,,,,,,,,,,,,7:27,,11:08,4:08,4:00,0:00,0:00,1:30,1:30,7:14
평평,70,18:28,18:58,답십,5172,21:12,답십,22:02,답십,5692,23:08,방기,6:23,방기,5019,7:28,답십,,,,,,,,,,,,,,,,7:59,,11:26,4:26,4:00,0:00,0:00,1:30,1:30,6:42
평평,71,18:41,19:11,답십,5664,21:24,답십,22:30,답십,5696,23:36,방기,7:27,방기,1535,8:34,답십,,,,,,,,,,,,,,,,9:05,,11:27,4:27,4:00,0:00,0:00,1:30,1:30,6:05
평평,72,18:56,19:26,답십,5697,22:41,답십,6:23,고기,1022,6:50,답십,7:29,답십,5019,8:22,답십,,,,,,,,,,,,,,,,8:53,,11:27,4:37,4:00,0:50,0:00,1:30,0:30,6:08
평평,73,18:11,18:41,답십,5656,20:54,답십,5:49,고기,1014,8:25,답십,,,,,,,,,,,,,,,,,,,,,8:56,,11:41,4:51,4:00,0:50,0:00,1:30,0:30,4:55
평평,74,19:00,19:30,답십,5167,22:34,답십,22:49,답십,5201,23:16,고기,6:24,고기,1024,6:29,상일,6:38,강동,5517,7:36,답십,,,,,,,,,,,8:07,,11:45,4:45,4:00,0:00,0:00,1:30,1:30,6:38
평평,75,19:17,19:47,답십,5171,22:48,답십,7:06,고기,1036,7:33,답십,8:20,답십,5031,8:47,고기,,,,,,,,,,,,,,,,9:47,,11:17,3:57,4:00,0:50,0:00,1:30,1:00,5:38
평평,76,19:22,19:52,답십,5703,23:09,답십,7:24,고기,1042,7:51,답십,8:38,답십,5037,9:05,고기,,,,,,,,,,,,,,,,10:05,,11:33,4:13,4:00,0:50,0:00,1:30,1:00,5:59
평평,77,19:26,19:56,답십,5672,22:06,답십,22:37,답십,5208,23:43,방기,7:30,방기,1537,8:37,답십,,,,,,,,,,,,,,,,9:08,,11:24,4:24,4:00,0:00,0:00,1:30,1:30,6:12
평평,78,19:55,20:25,답십,5709,23:47,답십,6:50,답십,5022,9:01,답십,,,,,,,,,,,,,,,,,,,,,9:31,,10:34,5:34,4:00,0:00,0:00,0:30,0:30,5:47
평평,79,19:27,19:57,답십,5173,23:02,답십,7:30,고기,1044,7:57,답십,8:44,답십,5039,9:11,고기,,,,,,,,,,,,,,,,10:11,,11:21,4:01,4:00,0:50,0:00,1:30,1:00,5:52
평평,80,19:32,20:02,답십,5705,21:08,답십,21:55,고기,5202,24:34:00,답십,7:32,답십,1046,7:37,상일,7:46,강동,5541,8:41,답십,,,,,,,,,,,9:12,,11:55,4:55,4:00,0:00,0:00,1:30,1:30,7:34
평평,81,19:37,20:07,답십,5175,22:08,방기,5:49,방기,5013,7:45,답십,,,,,,,,,,,,,,,,,,,,,8:16,,10:58,3:58,4:00,0:00,0:00,1:30,1:30,6:19
평평,82,20:13,20;43,답십,5181,22:47,방기,6:13,방기,1517,8:17,답십,,,,,,,,,,,,,,,,,,,,,8:48,,11:09,4:09,4:00,0:00,0:00,1:30,1:30,6:34
평평,83,20:43,21:13,답십,5717,22:16,답십,22:42,답십,5731,24:50:00,방기,7:35,방기,1539,8:43,답십,,,,,,,,,,,,,,,,9:14,,11:20,4:20,4:00,0:00,0:00,1:30,1:30,7:24
평평,84,20:55,21:25,답십,5719,22:30,답십,23:03,답십,5203,25:04:00,방기,7:42,방기,1543,8:51,답십,,,,,,,,,,,,,,,,9:21,,11:15,4:15,4:00,0:00,0:00,1:30,1:30,7:31
평평,85,22:05,22:35,답십,5199,24:50:00,화곡,5:30,화곡,5007,7:09,답십,,,,,,,,,,,,,,,,,,,,,7:39,,9:33,3:54,2:39,0:00,0:00,1:30,1:30,7:54
평평,86,20:25,20:55,답십,5183,21:55,답십,23:10,답십,5735,24:46:00,여의,5:30,여의,5002,7:06,답십,,,,,,,,,,,,,,,,7:37,,11:11,4:15,3:56,0:00,0:00,1:30,1:30,8:00
평평,87,21:13,21:43,답십,5191,22:37,답십,23:48,답십,5209,25:01:00,애오,5:37,애오,5004,7:23,답십,,,,,,,,,,,,,,,,7:54,,10:40,3:54,3:46,0:00,0:00,1:30,1:30,8:00
평평,88,21:37,22:07,답십,5195,24:52:00,애오,5:40,애오,5509,7:05,답십,,,,,,,,,,,,,,,,,,,,,7:35,,9:58,4:11,2:47,0:00,0:00,1:30,1:30,8:00
평평,90,21:46,22:16,답십,5694,24:33:00,군자,5:32,군자,5008,7:43,답십,,,,,,,,,,,,,,,,,,,,,8:14,,10:27,4:29,2:58,0:00,0:00,1:30,1:30,8:00
평휴,61,17:01,17:31,답십,5665,20:42,답십,6:16,답십,5007,7:09,답십,,,,,,,,,,,,,,,,,,,,,7:39,,9:05,4:05,4:00,0:00,0:00,0:30,0:30,2:42
평휴,62,17:21,17:51,답십,5642,21:08,답십,6:37,답십,5513,7:39,답십,,,,,,,,,,,,,,,,,,,,,8:09,,9:19,4:19,4:00,0:00,0:00,0:30,0:30,3:08
평휴,63,17:31,18:01,답십,5143,18:58,답십,19:02,답십,5665,20:09,방기,5:20,방기,1501,7:27,답십,,,,,,,,,,,,,,,,7:57,,11:11,4:11,4:00,0:00,0:00,1:30,1:30,4:49
평휴,64,17:50,18:20,답십,5147,20:22,방기,5:31,방기,1505,6:36,답십,,,,,,,,,,,,,,,,,,,,,7:07,,10:08,3:08,4:00,0:00,0:00,1:30,1:30,4:51
평휴,65,18:00,18:30,답십,5681,21:42,답십,6:43,답십,5011,7:33,답십,,,,,,,,,,,,,,,,,,,,,8:03,,9:03,4:03,4:00,0:00,0:00,0:30,0:30,3:42
평휴,66,18:21,18:51,답십,5170,22:02,답십,7:01,답십,5517,8:03,답십,,,,,,,,,,,,,,,,,,,,,8:33,,9:13,4:13,4:00,0:00,0:00,0:30,0:30,4:02
평휴,67,18:21,18:51,답십,5687,19:56,답십,21:08,답십,5684,23:44,고기,8:01,답십,5527,9:03,답십,,,,,,,,,,,,,,,,9:33,,11:33,4:43,4:00,0:50,0:00,0:30,1:30,7:34
평휴,68,17:36,18:06,답십,5675,19:11,답십,19:38,답십,5169,20:05,고기,7:21,답십,5026,9:30,답십,,,,,,,,,,,,,,,,10:01,,10:32,3:42,4:00,0:50,0:00,0:30,1:30,3:55
평휴,69,18:28,18:58,답십,5172,21:12,답십,22:02,답십,5692,23:08,방기,5:37,방기,1507,6:42,답십,,,,,,,,,,,,,,,,7:13,,11:26,4:26,4:00,0:00,0:00,1:30,1:30,7:28
평휴,70,18:41,19:11,답십,5664,21:24,답십,22:30,답십,5695,23:36,방기,5:55,방기,1513,7:00,답십,,,,,,,,,,,,,,,,7:31,,11:25,4:25,4:00,0:00,0:00,1:30,1:30,7:10
평휴,71,18:56,19:26,답십,5697,22:41,답십,7:07,답십,5015,7:57,답십,,,,,,,,,,,,,,,,,,,,,8:27,,9:06,4:06,4:00,0:00,0:00,0:30,0:30,4:41
평휴,72,19:00,19:30,답십,5167,22:34,답십,22:49,답십,5201,23:16,고기,7:49,답십,5525,8:51,답십,,,,,,,,,,,,,,,,9:21,,11:24,4:34,4:00,0:50,0:00,0:30,1:30,6:52
평휴,73,17:43,18:13,답십,5648,20:24,답십,7:09,답십,5024,9:18,답십,,,,,,,,,,,,,,,,,,,,,9:49,,9:21,4:21,4:00,0:00,0:00,0:30,0:30,2:24
평휴,74,19:17,19:47,답십,5171,22:48,답십,7:13,답십,5519,8:15,답십,,,,,,,,,,,,,,,,,,,,,8:45,,9:04,4:04,4:00,0:00,0:00,0:30,0:30,4:48
평휴,75,19:22,19:52,답십,5703,23:09,답십,7:19,답십,5017,8:09,답십,,,,,,,,,,,,,,,,,,,,,8:39,,9:08,4:08,4:00,0:00,0:00,0:30,0:30,5:09
평휴,76,19:26,19:56,답십,5672,22:06,답십,22:37,답십,5208,23:43,방기,6:07,방기,1515,7:12,답십,,,,,,,,,,,,,,,,7:43,,11:22,4:22,4:00,0:00,0:00,1:30,1:30,7:05
평휴,77,19:27,19:57,답십,5173,23:02,답십,7:31,답십,5019,8:21,답십,,,,,,,,,,,,,,,,,,,,,8:51,,8:56,3:56,4:00,0:00,0:00,0:30,0:30,5:02
평휴,78,18:11,18:41,답십,5656,20:54,답십,7:03,답십,5512,9:12,답십,,,,,,,,,,,,,,,,,,,,,9:43,,9:23,4:23,4:00,0:00,0:00,0:30,0:30,2:54
평휴,79,19:37,20:07,답십,5175,22:08,방기,5:25,방기,1503,7:21,답십,,,,,,,,,,,,,,,,,,,,,7:51,,10:57,3:57,4:00,0:00,0:00,1:30,1:30,6:43
평휴,80,19:55,20:25,답십,5709,23:47,답십,8:07,답십,5025,8:34,고기,,,,,,,,,,,,,,,,,,,,,9:34,,9:20,3:50,4:00,0:00,0:00,0:30,1:00,5:47
평휴,81,20:13,20:43,답십,5181,22:47,방기,5:43,방기,1509,7:51,답십,,,,,,,,,,,,,,,,,,,,,8:21,,11:12,4:12,4:00,0:00,0:00,1:30,1:30,7:04
평휴,82,20:25,20:55,답십,5183,21:55,답십,22:42,답십,5731,24:50:00,방기,6:13,답십,5717,7:18,답십,,,,,,,,,,,,,,,,7:49,,11:14,4:14,4:00,0:00,0:00,1:30,1:30,8:00
평휴,83,20:43,21:13,,,22:16,답십,23:03,답십,5203,25:04:00,방기,6:55,방기,1523,8:00,답십,,,,,,,,,,,,,,,,8:31,,11:10,4:10,4:00,0:00,0:00,1:30,1:30,8:00
평휴,84,21:25,21:55,답십,5202,24:34:00,고기,9:06,고기,1020,9:33,답십,,,,,,,,,,,,,,,,,,,,,10:03,,10:06,3:06,4:00,0:00,0:00,1:30,1:30,7:34
평휴,85,22:05,22:35,답십,5199,24:50:00,화곡,5:30,화곡,5007,6:16,답십,,,,,,,,,,,,,,,,,,,,,6:46,,8:40,3:01,2:39,0:00,0:00,1:30,1:30,7:54
평휴,86,20:55,21:25,답십,5719,22:30,답십,23:10,답십,5735,24:48:00,여의,5:30,여의,5002,7:06,답십,,,,,,,,,,,,,,,,7:37,,10:41,4:20,3:21,0:00,0:00,1:30,1:30,8:00
평휴,87,21:13,21:43,답십,5191,22:37,답십,23:48,답십,5209,25:01:00,여의,5:37,여의,5004,7:30,답십,,,,,,,,,,,,,,,,8:01,,10:47,4:01,3:46,0:00,0:00,1:30,1:30,8:00
평휴,88,21:37,22:07,답십,5195,24:52:00,애오,5:40,애오,5507,7:03,답십,,,,,,,,,,,,,,,,,,,,,7:33,,9:56,4:09,2:47,0:00,0:00,1:30,1:30,8:00
평휴,90,21:46,22:16,답십,5694,24:33:00,군자,5:32,군자,5008,7:48,답십,,,,,,,,,,,,,,,,,,,,,8:19,,10:32,4:34,2:58,0:00,0:00,1:30,1:30,8:00
휴평,61,16:39,17:09,답십,5124,20:27,답십,5:55,고기,1016,6:00,상일,6:09,강동,5005,7:00,답십,,,,,,,,,,,,,,,,7:30,,11:13,4:23,4:00,0:50,0:00,1:30,0:30,4:22
휴평,62,16:57,17:27,답십,5616,19:36,답십,5:19,고기,1002,5:24,상일,5:31,강동,5010,7:53,답십,,,,,,,,,,,,,,,,8:24,,11:35,4:45,4:00,0:50,0:00,1:30,0:30,4:07
휴평,63,17:09,17:39,답십,5618,19:48,답십,5:25,고기,1004,8:05,답십,,,,,,,,,,,,,,,,,,,,,8:36,,11:41,4:51,4:00,0:50,0:00,1:30,0:30,4:13
휴평,64,16:51,17:21,답십,5126,19:30,답십,20:39,답십,5648,21:14,영구,6:23,방기,1519,7:28,답십,,,,,,,,,,,,,,,,7:59,,10:41,3:51,4:00,0:50,0:00,1:30,0:30,4:41
휴평,65,17:31,18:01,답십,5627,21:12,답십,6:03,고기,1018,6:08,상일,6:17,강동,5511,7:13,답십,,,,,,,,,,,,,,,,7:43,,11:12,4:22,4:00,0:50,0:00,1:30,0:30,4:59
휴평,66,17:49,18:19,답십,5127,21:18,답십,6:10,고기,1020,6:15,상일,6:24,강동,5513,7:21,답십,,,,,,,,,,,,,,,,7:51,,11:01,4:11,4:00,0:50,0:00,1:30,0:30,4:58
휴평,67,18:01,18:31,답십,5129,21:30,답십,6:23,고기,1022,6:50,답십,7:29,답십,5019,8:22,답십,,,,,,,,,,,,,,,,8:53,,11:11,4:21,4:00,0:50,0:00,1:30,0:30,4:57
휴평,68,18:15,18:45,답십,5140,20:54,답십,5:37,고기,1010,8:16,답십,,,,,,,,,,,,,,,,,,,,,8:47,,11:40,4:50,4:00,0:50,0:00,1:30,0:30,5:07
휴평,69,18:03,18:33,답십,5138,20:42,답십,21:33,답십,5168,22:08,영구,6:24,고기,1024,6:29,상일,6:38,강동,5517,7:36,답십,,,,,,,,,,,8:07,,11:17,3:57,4:00,1:20,0:00,1:30,0:30,6:04
휴평,70,18:07,18:37,답십,5633,21:48,답십,7:06,고기,1036,7:33,답십,8:20,답십,5031,8:47,고기,,,,,,,,,,,,,,,,9:47,,11:27,4:07,4:00,0:50,0:00,1:30,1:00,4:38
휴평,71,18:09,18:39,답십,5628,20:48,답십,22:06,답십,5662,23:09,방기,7:27,방기,1535,8:34,답십,,,,,,,,,,,,,,,,9:05,,11:23,4:23,4:00,0:00,0:00,1:30,1:30,6:09
휴평,72,18:13,18:43,답십,5131,21:42,답십,7:24,고기,1042,7:51,답십,8:38,답십,5037,9:05,고기,,,,,,,,,,,,,,,,10:05,,11:15,3:55,4:00,0:50,0:00,1:30,1:00,4:32
휴평,73,19:57,20:27,답십,5646,22:37,답십,5:49,고기,1014,8:25,답십,,,,,,,,,,,,,,,,,,,,,8:56,,11:38,4:48,4:00,0:50,0:00,1:30,0:30,6:38
휴평,74,18:21,18:51,답십,5630,21:00,답십,22:15,답십,5664,23:21,방기,7:30,방기,1537,8:37,답십,,,,,,,,,,,,,,,,9:08,,11:23,4:23,4:00,0:00,0:00,1:30,1:30,6:21
휴평,75,18:31,19:01,답십,5637,22:12,답십,6:30,고기,1026,6:35,상일,,,,,,,,,,,,,,,,,,,,,7:27,,10:29,3:39,4:00,0:50,0:00,1:30,0:30,5:32
휴평,76,18:49,19:19,답십,5137,22:18,답십,7:30,고기,1044,7:57,답십,8:44,답십,5039,9:11,고기,,,,,,,,,,,,,,,,10:11,,11:15,3:55,4:00,0:50,0:00,1:30,1:00,5:08
휴평,77,19:01,19:31,답십,5139,20:21,답십,21:43,답십,5161,23:42,방기,7:35,방기,1539,8:43,답십,,,,,,,,,,,,,,,,9:14,,10:58,3:58,4:00,0:00,0:00,1:30,1:30,6:42
휴평,78,19:51,20:21,답십,5156,22:30,답십,6:50,답십,5022,9:01,답십,,,,,,,,,,,,,,,,,,,,,9:31,,9:20,4:20,4:00,0:00,0:00,0:30,0:30,4:30
휴평,79,19:07,19:37,답십,5643,20:39,답십,21:09,답십,5164,22:15,방기,5:25,방기,1503,7:25,답십,,,,,,,,,,,,,,,,7:55,,11:09,4:09,4:00,0:00,0:00,1:30,1:30,6:50
휴평,80,20:13,20:43,답십,5151,21:33,답십,22:19,답십,5167,24:15:00,방기,7:42,방기,1543,8:51,답십,,,,,,,,,,,,,,,,9:21,,10:55,3:55,4:00,0:00,0:00,1:30,1:30,7:15
휴평,81,20:25,20:55,답십,5153,22:51,방기,5:43,방기,1509,7:54,답십,,,,,,,,,,,,,,,,,,,,,8:25,,11:08,4:08,4:00,0:00,0:00,1:30,1:30,7:08
휴평,82,20:51,21:21,답십,5166,23:56,고기,7:32,고기,1046,7:37,상일,7:46,강동,5541,8:41,답십,,,,,,,,,,,,,,,,9:12,,10:45,3:45,4:00,0:00,0:00,1:30,1:30,6:56
휴평,83,21:01,21:31,답십,5159,23:54,화곡,24:08:00,방화,1530,24:13:00,방기,5:49,방기,1511,7:45,답십,,,,,,,,,,,,,,,,8:16,,11:14,4:39,3:35,0:00,0:00,1:30,1:30,8:00
휴평,84,21:19,21:49,답십,5665,24:05:00,방기,6:13,방기,1517,8:17,답십,,,,,,,,,,,,,,,,,,,,,8:48,,11:21,4:21,4:00,0:00,0:00,1:30,1:30,7:52
휴평,85,20:19,20:49,답십,5655,21:51,답십,22:13,답십,5669,24:06:00,화곡,5:30,화곡,5007,7:09,답십,,,,,,,,,,,,,,,,7:39,,11:20,4:35,3:45,0:00,0:00,1:30,1:30,8:00
휴평,86,20:31,21:01,답십,5657,22:03,답십,22:31,답십,5169,23:59,여의,5:30,여의,5002,7:06,답십,,,,,,,,,,,,,,,,7:37,,11:05,4:07,3:58,0:00,0:00,1:30,1:30,8:00
휴평,87,20:43,21:13,답십,5659,22:15,답십,22:38,답십,5673,24:03:00,애오,5:37,애오,5004,7:23,답십,,,,,,,,,,,,,,,,7:54,,11:11,4:15,3:56,0:00,0:00,1:30,1:30,8:00
휴평,88,20:49,21:19,답십,5157,23:58,애오,5:40,애로,5509,7:05,답십,,,,,,,,,,,,,,,,,,,,,7:35,,10:46,4:05,3:41,0:00,0:00,1:30,1:30,8:00
휴평,90,21:21,21:51,답십,5660,24:04:00,군자,5:32,군자,5008,7:43,답십,,,,,,,,,,,,,,,,,,,,,8:14,,10:51,4:24,3:27,0:00,0:00,1:30,1:30,8:00
휴휴,63,16:39,17:09,답십,5124,20:27,답십,6:30,답십,5009,7:21,답십,,,,,,,,,,,,,,,,,,,,,7:51,,9:09,4:09,4:00,0:00,0:00,0:30,0:30,2:27
휴휴,64,16:51,17:21,답십,5126,20:21,답십,6:23,답십,5511,7:27,답십,,,,,,,,,,,,,,,,,,,,,7:57,,9:03,4:03,4:00,0:00,0:00,0:30,0:30,2:21
휴휴,65,16:57,17:27,답십,5616,20:39,답십,6:43,답십,5011,7:33,답십,,,,,,,,,,,,,,,,,,,,,8:03,,9:02,4:02,4:00,0:00,0:00,0:30,0:30,2:39
휴휴,66,17:09,17:39,답십,5618,19:48,답십,20:39,답십,5648,21:14,영구,6:37,답십,5513,7:39,답십,,,,,,,,,,,,,,,,8:09,,9:27,3:47,4:00,0:40,0:00,0:30,0:30,3:54
휴휴,67,17:31,18:01,답십,5627,21:12,답십,7:07,답십,5015,7:57,답십,,,,,,,,,,,,,,,,,,,,,8:27,,9:02,4:02,4:00,0:00,0:00,0:30,0:30,3:12
휴휴,68,17:49,18:19,답십,5127,21:18,답십,7:03,답십,5512,9:12,답십,,,,,,,,,,,,,,,,,,,,,9:43,,10:09,5:09,4:00,0:00,0:00,0:30,0:30,3:18
휴휴,69,18:01,18:31,답십,5129,21:30,답십,7:31,답십,5019,8:21,답십,,,,,,,,,,,,,,,,,,,,,8:51,,8:50,3:50,4:00,0:00,0:00,0:30,0:30,3:30
휴휴,70,18:03,18:33,답십,5138,22:08,영구,5:25,방기,1503,6:30,답십,,,,,,,,,,,,,,,,,,,,,7:00,,11:31,4:41,4:00,0:50,0:00,1:30,0:30,6:33
휴휴,71,18:07,18:37,답십,5633,21:48,답십,7:49,답십,5525,8:51,답십,,,,,,,,,,,,,,,,,,,,,9:21,,9:14,4:14,4:00,0:00,0:00,0:30,0:30,3:48
휴휴,72,18:09,18:39,답십,5626,20:48,답십,21:09,답십,5164,22:15,방기,5:20,방기,1501,6:23,답십,,,,,,,,,,,,,,,,6:53,,11:19,4:19,4:00,0:00,0:00,1:30,1:30,6:55
휴휴,73,18:13,18:43,답십,5131,21:42,답십,7:09,답십,5024,9:18,답십,,,,,,,,,,,,,,,,,,,,,9:49,,10:09,5:09,4:00,0:00,0:00,0:30,0:30,3:42
휴휴,74,18:15,18:45,답십,5140,20:54,답십,21:45,답십,5170,22:51,방기,5:31,방기,1505,6:36,답십,,,,,,,,,,,,,,,,7:07,,11:21,4:21,4:00,0:00,0:00,1:30,1:30,7:20
휴휴,75,18:21,18:51,답십,5630,21:00,답십,22:03,답십,5662,23:09,방기,5:37,방기,1507,6:42,답십,,,,,,,,,,,,,,,,7:13,,11:21,4:21,4:00,0:00,0:00,1:30,1:30,7:32
휴휴,76,18:31,19:01,답십,5637,20:03,답십,21:21,답십,5166,23:56,고기,9:06,고기,1020,9:33,답십,,,,,,,,,,,,,,,,10:03,,11:04,4:04,4:00,0:00,0:00,1:30,1:30,6:56
휴휴,77,18:49,19:19,답십,5137,22:18,답십,8:01,답십,5527,9:03,답십,,,,,,,,,,,,,,,,,,,,,9:33,,9:02,4:02,4:00,0:00,0:00,0:30,0:30,4:18
휴휴,78,19:33,20:03,답십,5642,22:12,답십,7:21,답십,5026,9:30,답십,,,,,,,,,,,,,,,,,,,,,10:01,,9:19,4:19,4:00,0:00,0:00,0:30,0:30,4:12
휴휴,79,19:51,20:21,답십,5156,23:29,답십,8:07,답십,5025,8:34,고기,,,,,,,,,,,,,,,,,,,,,9:34,,10:05,3:35,4:00,0:00,0:00,0:30,2:00,6:29
휴휴,80,20:25,20:55,답십,5153,21:45,답십,22:19,답십,5167,24:15:00,방기,6:55,방기,1523,8:00,답십,,,,,,,,,,,,,,,,8:31,,10:52,3:52,4:00,0:00,0:00,1:30,1:30,7:20
휴휴,81,20:43,21:13,답십,5659,23:21,방기,6:07,방기,1515,8:15,답십,,,,,,,,,,,,,,,,,,,,,8:45,,11:16,4:16,4:00,0:00,0:00,1:30,1:30,7:14
휴휴,82,21:01,21:31,답십,5159,23:54,화곡,24:08:00,방화,1530,24:13:00,방기,6:13,방기,1517,8:09,답십,,,,,,,,,,,,,,,,8:39,,11:37,4:38,3:59,0:00,0:00,1:30,1:30,8:00
휴휴,83,21:13,21:43,답십,5161,23:42,방기,5:43,방기,1509,7:51,답십,,,,,,,,,,,,,,,,,,,,,8:21,,11:07,4:07,4:00,0:00,0:00,1:30,1:30,7:59
휴휴,84,21:19,21:49,답십,5665,24:05:00,방기,5:55,방기,1513,8:03,답십,,,,,,,,,,,,,,,,,,,,,8:33,,11:13,4:24,3:49,0:00,0:00,1:30,1:30,8:00
휴휴,85,20:19,20:49,답십,5655,21:51,답십,22:13,답십,5669,24:06:00,화곡,5:30,화곡,5007,7:09,답십,,,,,,,,,,,,,,,,7:39,,11:20,4:35,3:45,0:00,0:00,1:30,1:30,8:00
휴휴,86,19:57,20:27,답십,5646,22:37,답십,23:30,답십,5184,23:59,여의,5:30,여의,5002,7:06,답십,,,,,,,,,,,,,,,,7:37,,11:17,4:17,4:00,0:00,0:00,1:30,1:30,8:00
휴휴,87,20:31,21:01,답십,5657,22:03,답십,22:38,답십,5673,24:03:00,애오,5:37,애오,5004,7:30,답십,,,,,,,,,,,,,,,,8:01,,11:22,4:22,4:00,0:00,0:00,1:30,1:30,8:00
휴휴,88,20:49,21:19,답십,5157,23:56,애오,5:40,애오,5507,7:03,답십,,,,,,,,,,,,,,,,,,,,,7:33,,10:44,4:03,3:41,0:00,0:00,1:30,1:30,8:00
휴휴,90,21:21,21:51,답십,5660,24:04:00,군자,5:32,군자,5008,7:48,답십,,,,,,,,,,,,,,,,,,,,,8:19,,10:56,4:29,3:27,0:00,0:00,1:30,1:30,8:00
